City_ID,City,Country,Date,Lat,Lng,Max Temp,Humidity,Cloudiness,Wind Speed
0,Lorengau,PG,2021-04-06 20:21:56,-2.0226,147.2712,81.05,78,85,7.72
1,Mayo,US,2021-04-06 20:21:56,38.8876,-76.5119,71.01,51,1,9.22
2,Ushuaia,AR,2021-04-06 20:21:57,-54.8,-68.3,51.8,62,75,10.36
3,Caravelas,BR,2021-04-06 20:21:57,-17.7125,-39.2481,78.42,65,0,7.16
4,Rikitea,PF,2021-04-06 20:21:57,-23.1203,-134.9692,76.78,72,9,10.11
5,Olinda,BR,2021-04-06 20:21:57,-8.0089,-34.8553,80.6,65,20,11.5
6,Ponta Do Sol,PT,2021-04-06 20:21:58,32.6667,-17.1,61.0,68,18,5.01
7,Vaini,TO,2021-04-06 20:21:58,-21.2,-175.2,77.0,83,75,6.91
8,Kaoma,ZM,2021-04-06 20:21:58,-14.7833,24.8,67.96,62,84,4.34
9,Pirovskoye,RU,2021-04-06 20:21:59,57.6267,92.2658,34.97,85,98,9.53
10,Takaka,NZ,2021-04-06 20:21:59,-40.85,172.8,55.0,89,0,1.99
11,Nouadhibou,MR,2021-04-06 20:21:59,20.931,-17.0347,66.2,77,0,16.11
12,Aksu,CN,2021-04-06 20:22:00,41.1231,80.2644,53.08,39,97,7.2
13,Ishigaki,JP,2021-04-06 20:22:00,24.3448,124.1572,69.01,67,0,22.5
14,Punta Arenas,CL,2021-04-06 20:22:00,-53.15,-70.9167,50.0,81,90,8.05
15,Kangaatsiaq,GL,2021-04-06 20:22:01,68.3065,-53.4641,16.12,78,100,7.34
16,Bredasdorp,ZA,2021-04-06 20:22:01,-34.5322,20.0403,53.6,100,96,3.44
17,Kapaa,US,2021-04-06 20:22:01,22.0752,-159.319,77.0,50,40,21.85
18,Puerto Ayora,EC,2021-04-06 20:22:02,-0.7393,-90.3518,80.6,78,20,11.5
19,Khash,IR,2021-04-06 20:22:02,28.2211,61.2158,59.09,14,0,5.55
20,New Norfolk,AU,2021-04-06 20:22:02,-42.7826,147.0587,52.0,80,71,2.33
21,Rawson,AR,2021-04-06 20:22:03,-43.3002,-65.1023,66.87,85,100,12.53
22,Roald,NO,2021-04-06 20:22:03,62.5833,6.1333,39.2,75,75,14.97
23,Cape Town,ZA,2021-04-06 20:20:57,-33.9258,18.4232,64.99,88,0,9.22
24,Bolu,TR,2021-04-06 20:22:04,40.6667,31.5833,56.34,43,61,14.43
25,Tuktoyaktuk,CA,2021-04-06 20:22:04,69.4541,-133.0374,-9.4,77,40,11.5
26,Flinders,AU,2021-04-06 20:22:04,-34.5833,150.8552,64.99,92,37,1.01
27,Kahului,US,2021-04-06 20:22:05,20.8947,-156.47,75.2,69,40,20.71
28,Gashua,NG,2021-04-06 20:22:05,12.871,11.0482,89.13,12,77,9.75
29,San Patricio,US,2021-04-06 20:22:05,28.017,-97.5169,81.0,69,75,28.77
30,Nanortalik,GL,2021-04-06 20:22:05,60.1432,-45.2371,34.86,97,100,6.24
31,La Union,PE,2021-04-06 20:22:06,-5.4,-80.75,87.44,46,100,8.5
32,Bambous Virieux,MU,2021-04-06 20:22:06,-20.3428,57.7575,77.0,94,40,6.91
33,Itarema,BR,2021-04-06 20:22:06,-2.9248,-39.9167,82.02,74,100,13.67
34,Avarua,CK,2021-04-06 20:22:07,-21.2078,-159.775,82.4,69,75,14.97
35,Isangel,VU,2021-04-06 20:22:07,-19.55,169.2667,76.82,79,78,11.88
36,Matay,EG,2021-04-06 20:22:07,28.419,30.7792,77.68,7,91,5.57
37,Lagoa,PT,2021-04-06 20:22:08,39.05,-27.9833,59.94,84,100,11.72
38,Muzhi,RU,2021-04-06 20:22:08,65.3667,64.6667,9.54,97,28,2.8
39,Agvali,RU,2021-04-06 20:22:08,42.5385,46.1197,47.61,86,16,9.84
40,Airai,TL,2021-04-06 20:22:09,-8.9266,125.4092,59.7,85,74,0.81
41,Hobart,AU,2021-04-06 20:20:54,-42.8794,147.3294,53.6,87,20,4.61
42,Severo-Kurilsk,RU,2021-04-06 20:22:09,50.6789,156.125,25.66,75,19,16.96
43,Zarand,IR,2021-04-06 20:22:09,30.8127,56.564,60.15,13,0,3.89
44,Upernavik,GL,2021-04-06 20:22:10,72.7868,-56.1549,8.62,92,100,16.37
45,Nanchong,CN,2021-04-06 20:22:10,30.7951,106.0847,57.2,96,100,2.19
46,Mataura,NZ,2021-04-06 20:22:11,-46.1927,168.8643,55.0,83,100,8.99
47,Norman Wells,CA,2021-04-06 20:22:11,65.282,-126.8329,3.2,60,75,4.61
48,Atuona,PF,2021-04-06 20:22:11,-9.8,-139.0333,80.64,79,69,10.56
49,Barrow,US,2021-04-06 20:17:25,71.2906,-156.7887,-5.8,77,1,10.36
50,Kenai,US,2021-04-06 20:22:12,60.5544,-151.2583,24.8,36,1,5.86
51,Innisfail,AU,2021-04-06 20:22:12,-17.5333,146.0333,73.42,92,100,4.09
52,Albany,US,2021-04-06 20:19:43,42.6001,-73.9662,64.99,16,5,1.01
53,High Rock,BS,2021-04-06 20:22:13,26.6208,-78.2833,71.6,49,20,11.5
54,Half Moon Bay,US,2021-04-06 20:22:13,37.4636,-122.4286,64.0,76,90,9.22
55,Carauari,BR,2021-04-06 20:22:13,-4.8828,-66.8958,83.01,85,100,2.64
56,Yaan,NG,2021-04-06 20:22:14,7.3833,8.5667,88.09,51,95,12.21
57,Sirur,IN,2021-04-06 20:22:14,18.8333,74.3833,83.61,28,4,7.36
58,Labuan,MY,2021-04-06 20:22:14,5.2767,115.2417,78.8,94,20,3.44
59,Cockburn Town,TC,2021-04-06 20:22:15,21.4612,-71.1419,74.19,68,100,17.98
60,Saskylakh,RU,2021-04-06 20:22:15,71.9167,114.0833,7.65,95,100,7.47
61,Butaritari,KI,2021-04-06 20:22:15,3.0707,172.7902,79.81,75,100,2.77
62,Aljezur,PT,2021-04-06 20:22:16,37.3191,-8.8033,57.09,81,21,6.82
63,Leningradskiy,RU,2021-04-06 20:22:16,69.3833,178.4167,-11.88,93,64,5.59
64,Vidim,RU,2021-04-06 20:22:16,56.4088,103.1106,27.79,99,99,3.24
65,Swift Current,CA,2021-04-06 20:22:17,50.2834,-107.8014,55.4,33,1,6.91
66,Carnarvon,AU,2021-04-06 20:22:17,-24.8667,113.6333,75.2,83,82,13.8
67,Qaanaaq,GL,2021-04-06 20:22:17,77.484,-69.3632,3.92,82,100,1.66
68,Samfya,ZM,2021-04-06 20:22:18,-11.3649,29.5565,65.75,91,83,9.24
69,Sao Filipe,CV,2021-04-06 20:22:18,14.8961,-24.4956,76.68,59,0,10.33
70,Geraldton,AU,2021-04-06 20:22:18,-28.7667,114.6,68.0,83,43,5.75
71,Tarata,BO,2021-04-06 20:22:19,-17.6167,-66.0167,75.2,29,40,6.91
72,Gravdal,NO,2021-04-06 20:22:19,68.1214,13.5031,33.8,80,75,18.41
73,Rio Grande,BR,2021-04-06 20:22:19,-32.035,-52.0986,78.8,73,40,11.5
74,Kamenka,RU,2021-04-06 20:22:20,51.3223,42.7678,37.99,82,72,6.46
75,Cervo,ES,2021-04-06 20:22:20,43.6702,-7.4101,50.0,77,100,7.0
76,Kodinsk,RU,2021-04-06 20:22:20,58.6881,99.1844,33.46,97,61,3.36
77,Zhigansk,RU,2021-04-06 20:22:20,66.7697,123.3711,-12.64,99,93,9.84
78,Abha,SA,2021-04-06 20:22:21,18.2164,42.5053,68.0,48,16,3.44
79,Kirksville,US,2021-04-06 20:18:38,40.1948,-92.5833,78.8,44,75,18.41
80,Balagansk,RU,2021-04-06 20:22:21,54.0103,103.0544,30.58,99,100,2.8
81,Ierapetra,GR,2021-04-06 20:22:22,35.01,25.7353,60.01,74,5,7.2
82,Faanui,PF,2021-04-06 20:22:22,-16.4833,-151.75,80.76,61,87,12.28
83,Bluff,NZ,2021-04-06 20:22:22,-46.6,168.3333,55.0,83,100,8.99
84,Deputatskiy,RU,2021-04-06 20:22:22,69.3,139.9,-19.98,99,94,3.83
85,Kodiak,US,2021-04-06 20:22:23,57.79,-152.4072,37.4,52,1,8.05
86,Ust-Nera,RU,2021-04-06 20:22:23,64.5667,143.2,-0.51,99,99,1.19
87,Okhotsk,RU,2021-04-06 20:22:24,59.3833,143.3,1.38,87,85,8.23
88,Brindisi,IT,2021-04-06 20:22:24,40.5833,17.6667,60.01,58,40,11.5
89,Srednekolymsk,RU,2021-04-06 20:22:24,67.45,153.6833,-20.9,96,75,7.29
90,Mbeya,TZ,2021-04-06 20:22:25,-8.9,33.45,59.99,98,100,4.43
91,Thibodaux,US,2021-04-06 20:22:25,29.7958,-90.8229,81.0,77,84,5.99
92,Buraydah,SA,2021-04-06 20:22:25,26.326,43.975,73.4,20,0,9.22
93,Mitu,CO,2021-04-06 20:22:25,1.1983,-70.1733,79.23,89,75,1.41
94,Gomel,BY,2021-04-06 20:20:14,52.4345,30.9754,37.99,93,90,6.71
95,Sitka,US,2021-04-06 20:22:26,57.0531,-135.33,35.6,93,90,9.22
96,Quelimane,MZ,2021-04-06 20:22:26,-17.8786,36.8883,78.01,78,40,3.44
97,Provideniya,RU,2021-04-06 20:22:27,64.3833,-173.3,4.91,77,2,4.47
98,Hermanus,ZA,2021-04-06 20:22:27,-34.4187,19.2345,59.0,89,45,1.99
99,Weener,DE,2021-04-06 20:22:27,53.1667,7.35,33.01,93,100,1.01
100,Labuhan,ID,2021-04-06 20:22:28,-6.8844,112.2051,78.48,86,97,8.08
101,Bambanglipuro,ID,2021-04-06 20:22:28,-7.95,110.2833,76.08,91,99,3.38
102,Tuatapere,NZ,2021-04-06 20:22:28,-46.1333,167.6833,55.0,83,96,8.99
103,Arraial Do Cabo,BR,2021-04-06 20:22:29,-22.9661,-42.0278,78.8,73,20,12.66
104,Hilo,US,2021-04-06 20:22:29,19.7297,-155.09,69.8,83,90,6.91
105,Thompson,CA,2021-04-06 20:18:55,55.7435,-97.8558,35.6,69,40,5.75
106,Tocantins,BR,2021-04-06 20:22:30,-10.5,-48.0,89.6,55,20,5.75
107,Esperance,AU,2021-04-06 20:22:30,-33.8667,121.9,64.4,100,90,6.91
108,Ponta Delgada,PT,2021-04-06 20:22:30,37.7333,-25.6667,60.8,94,40,5.75
109,Shubarkuduk,KZ,2021-04-06 20:22:31,49.1447,56.4872,45.54,54,100,12.01
110,Namatanai,PG,2021-04-06 20:22:31,-3.6667,152.4333,79.18,83,100,5.48
111,Saint-Pierre,RE,2021-04-06 20:22:32,-21.3393,55.4781,77.0,73,0,4.61
112,Tiksi,RU,2021-04-06 20:22:32,71.6872,128.8694,-14.39,99,40,6.17
113,Espinho,PT,2021-04-06 20:22:32,41.0076,-8.6413,59.0,88,0,1.14
114,Shingu,JP,2021-04-06 20:22:33,33.7333,135.9833,48.92,91,77,4.12
115,La Ciotat,FR,2021-04-06 20:22:33,43.1748,5.6045,46.0,37,0,10.0
116,Yellowknife,CA,2021-04-06 20:22:33,62.456,-114.3525,19.99,73,75,16.11
117,Hambantota,LK,2021-04-06 20:22:34,6.1241,81.1185,78.04,86,12,7.14
118,Tessalit,ML,2021-04-06 20:22:34,20.1986,1.0114,84.36,4,0,9.04
119,Shache,CN,2021-04-06 20:22:34,38.4167,77.2406,44.08,83,100,15.88
120,Keti Bandar,PK,2021-04-06 20:22:35,24.1447,67.4497,80.53,74,0,14.29
121,Huarmey,PE,2021-04-06 20:22:35,-10.0681,-78.1522,76.05,72,95,11.56
122,Victoria,HK,2021-04-06 20:22:35,22.2855,114.1577,73.0,81,87,17.4
123,Sungaipenuh,ID,2021-04-06 20:22:36,-2.0833,101.3833,62.51,93,98,1.21
124,Kyren,RU,2021-04-06 20:22:36,51.6828,102.1408,36.3,58,41,1.97
125,Chuy,UY,2021-04-06 20:22:36,-33.6971,-53.4616,73.47,70,14,9.1
126,Vianopolis,BR,2021-04-06 20:22:37,-16.7419,-48.5164,71.89,83,100,2.44
127,Luderitz,NA,2021-04-06 20:22:37,-26.6481,15.1594,61.45,88,1,14.0
128,Touros,BR,2021-04-06 20:22:38,-5.1989,-35.4608,82.4,69,20,12.66
129,Evanston,US,2021-04-06 20:22:38,42.0411,-87.6901,80.6,34,75,13.8
130,Nome,US,2021-04-06 20:22:38,64.5011,-165.4064,10.4,56,1,8.05
131,Lavrentiya,RU,2021-04-06 20:22:38,65.5833,-171.0,-1.14,88,10,5.35
132,Ullapool,GB,2021-04-06 20:22:39,57.8987,-5.1604,35.01,70,100,7.0
133,Mar Del Plata,AR,2021-04-06 20:22:39,-38.0023,-57.5575,71.6,88,40,14.97
134,Obregon,NI,2021-04-06 20:22:39,11.9566,-85.9636,93.2,49,40,11.5
135,Tromso,NO,2021-04-06 20:22:40,69.6496,18.957,32.0,93,90,21.85
136,Lebu,CL,2021-04-06 20:22:40,-37.6167,-73.65,58.37,87,100,8.88
137,Richards Bay,ZA,2021-04-06 20:22:41,-28.783,32.0377,69.04,93,56,5.68
138,Sistranda,NO,2021-04-06 20:22:41,63.7256,8.834,39.2,81,75,28.77
139,Mount Gambier,AU,2021-04-06 20:22:41,-37.8333,140.7667,48.2,100,13,3.44
140,Peterhead,GB,2021-04-06 20:18:05,57.5058,-1.7981,37.99,60,75,29.93
141,Saldanha,ZA,2021-04-06 20:20:07,-33.0117,17.9442,64.4,52,4,4.61
142,Jamame,SO,2021-04-06 20:22:42,0.0722,42.7506,81.84,76,6,10.69
143,Tasiilaq,GL,2021-04-06 20:22:42,65.6145,-37.6368,23.0,80,20,16.11
144,Constitucion,CL,2021-04-06 20:22:43,-35.3333,-72.4167,64.04,67,95,6.8
145,Jamestown,US,2021-04-06 20:20:55,42.097,-79.2353,69.8,43,1,6.91
146,Bethel,US,2021-04-06 20:22:43,41.3712,-73.414,66.2,26,1,9.22
147,Viline,UA,2021-04-06 20:22:43,44.8456,33.6716,59.0,51,100,8.37
148,Saint-Philippe,RE,2021-04-06 20:22:44,-21.3585,55.7679,77.0,73,0,4.61
149,Ambovombe,MG,2021-04-06 20:22:44,-25.1667,46.0833,72.25,80,30,10.49
150,Sao Sebastiao,BR,2021-04-06 20:22:44,-23.76,-45.4097,73.51,87,100,6.22
151,Salalah,OM,2021-04-06 20:22:45,17.0151,54.0924,80.6,74,0,2.3
152,Solwezi,ZM,2021-04-06 20:22:45,-12.1688,26.3894,60.75,95,96,3.74
153,Necochea,AR,2021-04-06 20:22:45,-38.5473,-58.7368,82.0,56,7,18.01
154,Saint George,US,2021-04-06 20:19:08,37.1041,-113.5841,71.01,9,0,5.01
155,Am Timan,TD,2021-04-06 20:22:46,11.0297,20.2827,92.88,10,0,4.09
156,Mulanje,MW,2021-04-06 20:22:46,-16.0316,35.5,64.33,95,10,8.32
157,Praia,CV,2021-04-06 20:22:47,14.9215,-23.5087,77.0,41,0,23.02
158,Mount Isa,AU,2021-04-06 20:22:47,-20.7333,139.5,71.6,56,12,4.61
159,Mathbaria,BD,2021-04-06 20:22:47,22.2876,89.9593,75.69,78,0,6.31
160,Chicama,PE,2021-04-06 20:22:48,-7.8447,-79.1469,69.8,88,40,9.22
161,Pisco,PE,2021-04-06 20:22:48,-13.7,-76.2167,82.4,51,0,13.8
162,Cayeli,TR,2021-04-06 20:19:20,41.0923,40.7292,62.83,55,100,10.0
163,Ixtapa,MX,2021-04-06 20:22:48,20.7,-105.2,80.6,69,20,13.8
164,Hualmay,PE,2021-04-06 20:22:49,-11.0964,-77.6139,74.71,73,91,10.69
165,Laguna,US,2021-04-06 20:20:57,38.421,-121.4238,73.0,43,1,3.6
166,Mogadishu,SO,2021-04-06 20:22:49,2.0371,45.3438,82.45,71,7,14.83
167,Cimitarra,CO,2021-04-06 20:22:49,6.3142,-73.9497,83.28,76,100,1.3
168,Ribeira Grande,PT,2021-04-06 20:22:50,38.5167,-28.7,62.6,77,20,4.61
169,Talavera,PH,2021-04-06 20:22:50,15.6167,120.9333,78.8,73,75,2.3
170,Chiredzi,ZW,2021-04-06 20:22:50,-21.05,31.6667,65.79,54,0,5.77
171,Esso,RU,2021-04-06 20:22:51,55.9333,158.7,6.13,96,82,5.35
172,Mahanoro,MG,2021-04-06 20:22:51,-19.9,48.8,75.2,89,100,8.14
173,Vigrestad,NO,2021-04-06 20:22:51,58.5667,5.7,33.01,97,95,15.03
174,Tigzirt,DZ,2021-04-06 20:22:52,36.8886,4.1198,59.97,62,2,2.66
175,Saint-Augustin,CA,2021-04-06 20:22:52,51.226,-58.6502,40.46,99,100,15.28
176,Maningrida,AU,2021-04-06 20:22:52,-12.0667,134.2667,73.56,80,55,4.54
177,Caruray,PH,2021-04-06 20:22:52,10.3094,119.0128,77.85,85,100,7.38
178,Pangnirtung,CA,2021-04-06 20:22:53,66.1451,-65.7125,8.6,78,20,4.61
179,Husavik,IS,2021-04-06 20:22:53,66.0449,-17.3389,17.6,62,0,6.91
180,Margate,GB,2021-04-06 20:22:36,51.3813,1.3862,37.0,63,35,4.0
181,San Quintin,MX,2021-04-06 20:22:54,30.4833,-115.95,66.56,60,81,18.59
182,Kieta,PG,2021-04-06 20:22:54,-6.2167,155.6333,79.39,83,100,1.88
183,Mersing,MY,2021-04-06 20:22:54,2.4312,103.8405,80.6,89,100,5.75
184,Meadow Lake,US,2021-04-06 20:22:55,34.8014,-106.5436,75.99,8,20,25.32
185,Cabo San Lucas,MX,2021-04-06 20:22:05,22.8909,-109.9124,78.8,60,1,11.5
186,Busselton,AU,2021-04-06 20:22:55,-33.65,115.3333,60.01,97,60,5.57
187,Georgetown,MY,2021-04-06 20:22:56,5.4112,100.3354,79.0,94,20,5.14
188,Buckeye,US,2021-04-06 20:22:56,33.3703,-112.5838,89.01,9,100,10.36
189,Gat,IL,2021-04-06 20:22:04,31.61,34.7642,71.01,52,62,2.13
190,Kudymkar,RU,2021-04-06 20:22:57,59.0173,54.656,30.88,92,93,4.43
191,Beloha,MG,2021-04-06 20:22:57,-25.1667,45.05,70.86,78,53,8.41
192,Broome,US,2021-04-06 20:22:57,42.2506,-75.833,60.8,12,1,11.5
193,Porto Belo,BR,2021-04-06 20:22:58,-27.1578,-48.5531,73.4,83,75,3.44
194,Chifeng,CN,2021-04-06 20:22:58,42.2683,118.9636,39.2,26,21,8.21
195,Itoman,JP,2021-04-06 20:22:58,26.1247,127.6694,66.2,68,20,19.57
196,Dikson,RU,2021-04-06 20:22:59,73.5069,80.5464,-6.23,100,91,5.79
197,Capreol,CA,2021-04-06 20:22:59,46.706,-80.9225,48.2,57,90,8.05
198,Chokurdakh,RU,2021-04-06 20:22:59,70.6333,147.9167,-24.63,93,97,2.37
199,Synya,RU,2021-04-06 20:23:00,65.3718,58.0387,34.45,93,100,7.83
200,Klaksvik,FO,2021-04-06 20:23:00,62.2266,-6.589,26.6,86,75,20.71
201,Inuvik,CA,2021-04-06 20:23:00,68.3499,-133.7218,-0.4,60,100,5.75
202,Port Alfred,ZA,2021-04-06 20:23:01,-33.5906,26.891,65.88,83,13,18.92
203,Mahebourg,MU,2021-04-06 20:23:01,-20.4081,57.7,77.0,94,40,6.91
204,Usinsk,RU,2021-04-06 20:23:01,65.9939,57.5281,34.09,92,100,11.99
205,Den Helder,NL,2021-04-06 20:23:02,52.9599,4.7593,37.99,60,20,19.57
206,Chishan,TW,2021-04-06 20:23:02,22.6392,120.3565,73.4,78,75,4.61
207,Van,TR,2021-04-06 20:23:02,38.4924,43.3831,42.8,65,40,2.3
208,Quthing,LS,2021-04-06 20:23:03,-30.4,27.7003,61.02,56,10,4.05
209,Vao,NC,2021-04-06 20:23:03,-22.6667,167.4833,75.52,65,92,15.99
210,Singapore,SG,2021-04-06 20:18:25,1.2897,103.8501,80.6,94,75,2.3
211,Glasgow,GB,2021-04-06 20:23:03,55.8652,-4.2576,35.6,55,17,9.22
212,Dawlatabad,AF,2021-04-06 20:23:04,36.4141,64.9053,56.84,46,3,3.09
213,Monastyrshchina,RU,2021-04-06 20:23:04,54.3496,31.838,35.19,67,100,3.33
214,East London,ZA,2021-04-06 20:23:04,-33.0153,27.9116,66.25,82,97,16.69
215,Maraba,BR,2021-04-06 20:23:05,-5.3686,-49.1178,91.4,55,20,5.75
216,Tura,IN,2021-04-06 20:23:05,25.5198,90.2201,75.81,21,51,4.59
217,Port Lincoln,AU,2021-04-06 20:23:05,-34.7333,135.8667,62.71,81,0,7.81
218,Port Elizabeth,ZA,2021-04-06 20:23:06,-33.918,25.5701,62.6,88,0,6.91
219,Henties Bay,NA,2021-04-06 20:23:06,-22.116,14.2845,64.8,77,0,9.55
220,Sereflikochisar,TR,2021-04-06 20:23:06,38.9393,33.5386,61.41,35,100,27.07
221,Zaysan,KZ,2021-04-06 20:23:07,47.4667,84.8667,41.29,81,39,4.61
222,Lata,PT,2021-04-06 20:23:07,40.1629,-8.3327,57.99,92,38,1.16
223,Kokopo,PG,2021-04-06 20:23:07,-4.352,152.2633,77.74,84,100,6.91
224,Naze,JP,2021-04-06 20:23:08,28.3667,129.4833,61.86,56,1,21.88
225,Tateyama,JP,2021-04-06 20:23:08,34.9833,139.8667,48.99,82,47,10.25
226,Bayangol,RU,2021-04-06 20:23:08,50.6977,103.4656,31.23,71,78,2.15
227,Port Hedland,AU,2021-04-06 20:23:09,-20.3167,118.5667,71.6,73,7,8.05
228,San Ignacio,BZ,2021-04-06 20:23:09,17.1561,-89.0714,89.6,48,40,6.69
229,Cururupu,BR,2021-04-06 20:23:09,-1.8283,-44.8683,83.57,65,47,5.46
230,Katsuura,JP,2021-04-06 20:23:09,35.1333,140.3,50.0,76,40,6.91
231,Amurzet,RU,2021-04-06 20:23:10,47.6967,131.0981,25.54,44,8,9.62
232,Egersund,NO,2021-04-06 20:23:10,58.4513,5.9997,33.01,95,68,14.23
233,Hutchinson,US,2021-04-06 20:23:10,38.0608,-97.9298,70.0,64,90,21.85
234,Fenoarivo Atsinanana,MG,2021-04-06 20:23:11,-17.3667,49.4167,76.89,89,96,4.74
235,Iqaluit,CA,2021-04-06 20:23:11,63.7506,-68.5145,14.0,92,75,5.75
236,Castleisland,IE,2021-04-06 20:23:12,52.2333,-9.4667,41.0,65,20,6.91
237,Bengkulu,ID,2021-04-06 20:23:12,-3.8004,102.2655,74.26,88,100,4.68
238,Hortobagy,HU,2021-04-06 20:23:12,47.5828,21.1511,37.4,81,0,1.14
239,Sawakin,SD,2021-04-06 20:23:13,19.1059,37.3321,78.73,77,2,2.59
240,Hannibal,US,2021-04-06 20:23:13,39.7084,-91.3585,80.6,28,40,11.5
241,Lagoa Vermelha,BR,2021-04-06 20:23:13,-28.2086,-51.5258,74.35,58,5,1.01
242,Fort Nelson,CA,2021-04-06 20:19:23,58.8053,-122.7002,28.4,74,90,8.05
243,Egvekinot,RU,2021-04-06 20:23:14,66.3167,-179.1667,-4.5,79,0,3.18
244,Kruisfontein,ZA,2021-04-06 20:23:14,-34.0033,24.7314,60.01,89,23,1.01
245,Grindavik,IS,2021-04-06 20:23:14,63.8424,-22.4338,26.6,59,0,5.75
246,Coihaique,CL,2021-04-06 20:18:19,-45.5752,-72.0662,59.0,67,75,8.05
247,Ostrovnoy,RU,2021-04-06 20:23:15,68.0531,39.5131,31.33,86,100,16.53
248,Makakilo City,US,2021-04-06 20:23:15,21.3469,-158.0858,77.0,50,1,12.66
249,Kavieng,PG,2021-04-06 20:23:15,-2.5744,150.7967,79.5,83,100,11.59
250,Ranong,TH,2021-04-06 20:23:16,9.9658,98.6348,77.86,87,100,2.3
251,Alyangula,AU,2021-04-06 20:23:16,-13.8483,136.4192,69.8,100,77,3.44
252,Lasa,IT,2021-04-06 20:23:16,46.6166,10.7002,42.8,58,0,4.61
253,Murbad,IN,2021-04-06 20:23:17,19.25,73.4,84.2,74,0,4.61
254,Khatanga,RU,2021-04-06 20:23:17,71.9667,102.5,-8.36,100,100,6.71
255,Ilulissat,GL,2021-04-06 20:23:17,69.2167,-51.1,21.2,79,90,6.91
256,Yulara,AU,2021-04-06 20:23:18,-25.2406,130.9889,62.6,51,2,5.75
257,Oranjemund,NA,2021-04-06 20:23:18,-28.55,16.4333,60.13,93,5,4.92
258,Taitung,TW,2021-04-06 20:23:18,22.7583,121.1444,68.16,83,91,9.95
259,Westport,US,2021-04-06 20:23:19,41.1415,-73.3579,66.2,26,1,18.41
260,Havoysund,NO,2021-04-06 20:23:19,70.9963,24.6622,32.0,86,90,18.41
261,Camalu,MX,2021-04-06 20:23:19,30.85,-116.0667,66.99,44,79,18.01
262,Kaeo,NZ,2021-04-06 20:23:20,-35.1,173.7833,57.99,96,100,3.0
263,Hit,IQ,2021-04-06 20:23:20,33.6416,42.8251,73.58,22,1,5.48
264,Poitiers,FR,2021-04-06 20:23:20,46.5833,0.3333,42.8,45,0,8.05
265,Qingdao,CN,2021-04-06 20:23:21,36.0986,120.3719,53.01,57,0,2.24
266,Loubomo,CG,2021-04-06 20:23:21,-4.1997,12.6739,73.4,94,100,3.36
267,Torrevieja,ES,2021-04-06 20:23:21,37.9787,-0.6822,69.01,46,31,1.99
268,Rio Gallegos,AR,2021-04-06 20:23:21,-51.6226,-69.2181,55.4,71,40,17.27
269,Bochov,CZ,2021-04-06 20:23:22,50.1487,13.0523,28.4,80,75,5.75
270,Souillac,MU,2021-04-06 20:23:22,-20.5167,57.5167,77.0,94,40,6.91
271,Izvestkovyy,RU,2021-04-06 20:23:23,48.9833,131.55,19.76,66,72,10.54
272,Nhulunbuy,AU,2021-04-06 20:23:23,-12.2333,136.7667,69.8,88,98,3.94
273,Zyryanka,RU,2021-04-06 20:23:23,65.75,150.85,-7.47,93,100,8.1
274,Vardo,NO,2021-04-06 20:23:24,70.3705,31.1107,33.8,69,75,21.85
275,Luganville,VU,2021-04-06 20:23:24,-15.5333,167.1667,79.59,81,75,9.13
276,Tigre,AR,2021-04-06 20:23:24,-34.426,-58.5796,78.8,73,0,10.36
277,Bitung,ID,2021-04-06 20:23:24,1.4451,125.1824,77.0,94,20,2.3
278,Wuhu,CN,2021-04-06 20:23:25,31.3366,118.3755,53.6,82,0,6.71
279,Corn Island,NI,2021-04-06 20:23:25,12.1694,-83.0418,80.49,71,100,9.44
280,Kirovskiy,RU,2021-04-06 20:23:25,45.0917,133.5136,31.69,72,5,3.76
281,Ulaangom,MN,2021-04-06 20:23:26,49.9811,92.0667,36.3,38,3,2.68
282,Porteirinha,BR,2021-04-06 20:23:26,-15.7433,-43.0283,80.08,52,100,8.97
283,Lewistown,US,2021-04-06 20:23:26,40.5992,-77.5714,75.2,33,20,9.22
284,Fukue,JP,2021-04-06 20:23:27,32.6881,128.8419,60.94,55,20,17.96
285,Iranshahr,IR,2021-04-06 20:23:27,27.2025,60.6848,71.6,8,0,4.61
286,Najran,SA,2021-04-06 20:23:27,17.4924,44.1277,71.6,21,8,1.81
287,Mungwi,ZM,2021-04-06 20:23:28,-10.1732,31.3694,61.66,97,40,5.61
288,Gamba,GA,2021-04-06 20:23:28,-2.65,10.0,77.88,90,95,6.73
289,Monteria,CO,2021-04-06 20:23:29,8.748,-75.8814,85.71,66,100,12.35
290,Namibe,AO,2021-04-06 20:23:29,-15.1961,12.1522,77.32,82,96,6.11
291,Otane,NZ,2021-04-06 20:23:29,-39.8833,176.6333,57.99,84,0,3.0
292,Ketchikan,US,2021-04-06 20:23:30,55.3422,-131.6461,37.4,93,75,17.27
293,Altay,CN,2021-04-06 20:23:30,47.8667,88.1167,40.14,38,32,7.67
294,Zelenyy Bor,RU,2021-04-06 20:23:30,53.6667,91.6667,37.4,75,0,2.24
295,Noormarkku,FI,2021-04-06 20:23:30,61.5927,21.8685,35.6,93,90,9.22
296,Cherskiy,RU,2021-04-06 20:23:31,68.75,161.3,-22.41,99,31,2.17
297,Devrek,TR,2021-04-06 20:23:31,41.2192,31.9558,62.53,49,94,7.92
298,Bousso,TD,2021-04-06 20:23:31,10.4795,16.7117,92.62,11,14,6.31
299,Seia,PT,2021-04-06 20:23:32,40.4151,-7.7086,52.0,58,66,2.57
300,Shimoda,JP,2021-04-06 20:23:32,34.6667,138.95,50.0,79,66,7.56
301,Hithadhoo,MV,2021-04-06 20:23:32,-0.6,73.0833,83.55,61,98,10.8
302,Boende,CD,2021-04-06 20:23:33,-0.2167,20.8667,71.87,96,95,1.99
303,Berlevag,NO,2021-04-06 20:23:33,70.8578,29.0864,32.0,74,0,20.71
304,Orichi,RU,2021-04-06 20:23:33,58.4036,49.0572,32.77,94,100,5.3
305,Gueret,FR,2021-04-06 20:23:34,46.1667,1.8667,35.6,44,0,5.75
306,Puerto Ayacucho,VE,2021-04-06 20:23:34,5.6639,-67.6236,81.88,76,97,4.03
307,Mae Sai,TH,2021-04-06 20:23:34,20.4335,99.8762,66.2,100,40,3.44
308,Krasnoselkup,RU,2021-04-06 20:23:35,65.7,82.4667,32.63,98,100,9.53
309,Rudsar,IR,2021-04-06 20:23:35,37.1376,50.288,55.4,82,90,2.59
310,Kroya,ID,2021-04-06 20:23:35,-7.6331,109.2461,77.43,88,88,3.62
311,Beckley,US,2021-04-06 20:23:36,37.7782,-81.1882,73.4,23,1,6.91
312,Rafaela,AR,2021-04-06 20:20:11,-31.2503,-61.4867,82.0,47,39,5.01
313,Dubreka,GN,2021-04-06 20:23:36,9.7911,-13.5233,82.4,78,13,11.5
314,Inirida,CO,2021-04-06 20:23:37,3.8653,-67.9239,82.69,74,79,3.31
315,Mackay,AU,2021-04-06 20:23:37,-21.15,149.2,71.6,100,90,4.61
316,Taltal,CL,2021-04-06 20:23:37,-25.4,-70.4833,70.75,72,31,8.32
317,Pevek,RU,2021-04-06 20:23:38,69.7008,170.3133,-19.91,99,100,6.53
318,Houma,US,2021-04-06 20:23:38,29.5958,-90.7195,82.0,61,40,13.8
319,Nortelandia,BR,2021-04-06 20:23:38,-14.4547,-56.8028,82.13,78,100,1.88
320,Dwarka,IN,2021-04-06 20:23:39,22.2394,68.9678,80.28,76,0,12.53
321,Yingcheng,CN,2021-04-06 20:23:39,30.95,113.55,55.4,100,90,4.47
322,Saint-Francois,FR,2021-04-06 20:23:39,46.4154,3.9054,36.0,51,0,2.3
323,Kaitangata,NZ,2021-04-06 20:23:39,-46.2817,169.8464,55.99,83,100,5.01
324,Sebeta,ET,2021-04-06 20:23:40,8.9167,38.6167,61.75,43,25,4.21
325,Bahia Blanca,AR,2021-04-06 20:23:40,-38.7196,-62.2724,86.63,32,37,16.04
326,Benghazi,LY,2021-04-06 20:23:40,32.1167,20.0667,61.7,73,2,9.35
327,Mocuba,MZ,2021-04-06 20:23:41,-16.8392,36.9856,66.16,89,0,2.68
328,Komsomolskiy,UZ,2021-04-06 20:23:41,40.4272,71.7189,51.8,58,91,6.91
329,Pitimbu,BR,2021-04-06 20:23:41,-7.4706,-34.8086,82.4,74,20,16.11
330,North Bend,US,2021-04-06 20:23:42,43.4065,-124.2243,62.01,66,1,20.71
331,San Angelo,US,2021-04-06 20:23:42,31.4638,-100.437,90.0,29,1,19.57
332,Reserva,BR,2021-04-06 20:23:42,-24.6503,-50.8506,72.64,58,76,2.13
333,Saint-Paul,RE,2021-04-06 20:23:43,-21.0096,55.2707,77.0,73,0,6.91
334,Baherden,TM,2021-04-06 20:23:43,38.4362,57.4316,69.71,27,100,3.96
335,Akdepe,TM,2021-04-06 20:23:43,42.0551,59.3788,53.6,58,0,9.22
336,Zeya,RU,2021-04-06 20:23:44,53.75,127.2667,10.18,83,100,7.23
337,Ruwi,OM,2021-04-06 20:23:44,23.5996,58.5507,78.8,61,0,4.61
338,Apac,UG,2021-04-06 20:23:44,1.9756,32.5386,66.69,94,100,3.6
339,Ballina,AU,2021-04-06 20:23:45,-28.8667,153.5667,69.8,94,75,9.22
340,Bluefields,NI,2021-04-06 20:23:45,12.0137,-83.7635,84.2,74,75,4.61
341,Hervey Bay,AU,2021-04-06 20:23:45,-25.2986,152.8535,70.0,94,99,1.01
342,Wao,PH,2021-04-06 20:23:46,7.6833,124.6833,65.3,90,100,2.01
343,Taoudenni,ML,2021-04-06 20:23:46,22.6783,-3.9836,87.04,10,0,8.84
344,Santa Maria,BR,2021-04-06 20:23:46,-29.6842,-53.8069,86.0,45,0,8.05
345,Petropavlovsk-Kamchatskiy,RU,2021-04-06 20:23:47,53.0452,158.6483,19.4,79,6,8.95
346,San Carlos De Bariloche,AR,2021-04-06 20:20:26,-41.1456,-71.3082,64.99,62,75,18.41
347,Belmonte,BR,2021-04-06 20:23:47,-15.8631,-38.8828,77.0,73,75,2.3
348,Koungou,YT,2021-04-06 20:23:47,-12.7336,45.2042,82.4,69,0,13.8
349,Codrington,AU,2021-04-06 20:23:48,-38.2667,141.9667,50.86,93,24,5.06
350,Yar-Sale,RU,2021-04-06 20:23:48,66.8333,70.8333,26.04,93,100,13.47
351,Mahajanga,MG,2021-04-06 20:23:48,-15.7167,46.3167,78.8,89,20,2.3
352,San Pedro,PH,2021-04-06 20:23:49,14.35,121.0167,82.0,73,20,3.44
353,Acapulco,MX,2021-04-06 20:21:15,16.8634,-99.8901,87.8,58,20,10.36
354,Castro,BR,2021-04-06 20:23:49,-24.7911,-50.0119,66.15,84,70,4.34
355,Vila,PT,2021-04-06 20:23:50,42.0304,-8.1588,55.4,67,0,8.05
356,Tutrakan,BG,2021-04-06 20:23:50,44.05,26.6167,55.0,58,0,3.44
357,Gigmoto,PH,2021-04-06 20:23:50,13.7796,124.39,76.28,81,89,10.27
358,Fairbanks,US,2021-04-06 20:23:51,64.8378,-147.7164,10.0,72,20,1.52
359,Lola,GN,2021-04-06 20:23:51,7.8,-8.5333,70.07,94,99,4.47
360,Bathsheba,BB,2021-04-06 20:23:51,13.2167,-59.5167,84.2,58,40,16.11
361,Mantua,IT,2021-04-06 20:18:57,45.1667,10.7833,37.99,86,87,1.01
362,Dukat,RU,2021-04-06 20:23:52,62.55,155.55,2.93,95,100,2.77
363,Hofn,IS,2021-04-06 20:23:52,64.2539,-15.2082,23.56,49,100,0.98
364,Sayyan,YE,2021-04-06 20:23:52,15.1718,44.3244,57.49,18,18,6.6
365,Clyde River,CA,2021-04-06 20:23:53,70.4692,-68.5914,12.2,73,40,19.57
366,Los Llanos De Aridane,ES,2021-04-06 20:23:53,28.6585,-17.9182,68.0,77,20,4.61
367,Eyl,SO,2021-04-06 20:23:53,7.9803,49.8164,78.04,59,81,13.31
368,Andenes,NO,2021-04-06 20:23:54,69.3143,16.1194,32.0,86,75,28.77
369,Loukhi,RU,2021-04-06 20:22:16,66.0764,33.0381,29.66,81,19,12.03
370,Santa Cruz,BO,2021-04-06 20:23:54,-17.8,-63.1667,89.6,58,75,9.22
371,Wahpeton,US,2021-04-06 20:23:54,46.2652,-96.6059,53.6,35,1,10.36
372,Raudeberg,NO,2021-04-06 20:23:55,61.9875,5.1352,39.0,86,86,23.98
373,Panjakent,TJ,2021-04-06 20:23:55,39.4952,67.6093,50.0,71,11,4.61
374,Bowen,AU,2021-04-06 20:23:55,-20.0167,148.2333,71.6,100,75,4.61
375,Batemans Bay,AU,2021-04-06 20:23:56,-35.7167,150.1833,64.0,97,59,1.01
376,Palu,ID,2021-04-06 20:23:56,-0.8917,119.8707,74.93,94,57,2.19
377,Kavaratti,IN,2021-04-06 20:23:56,10.5669,72.642,83.05,75,32,10.02
378,Vilyuysk,RU,2021-04-06 20:23:56,63.7553,121.6247,-2.09,92,100,5.79
379,Bouca,CF,2021-04-06 20:23:57,6.5105,18.2733,83.19,32,58,5.06
380,Katsina,NG,2021-04-06 20:23:57,12.9894,7.6006,87.62,10,4,7.65
381,Huaral,PE,2021-04-06 20:23:57,-11.495,-77.2078,77.0,65,0,11.5
382,Marsh Harbour,BS,2021-04-06 20:23:02,26.5412,-77.0636,69.66,51,7,9.22
383,Doha,QA,2021-04-06 20:23:58,25.2867,51.5333,71.6,43,0,8.05
384,Torbay,CA,2021-04-06 20:23:58,47.6666,-52.7314,37.99,100,90,9.22
385,Nuuk,GL,2021-04-06 20:23:59,64.1835,-51.7216,26.6,93,75,13.8
386,Denpasar,ID,2021-04-06 20:23:59,-8.65,115.2167,78.8,94,75,21.85
387,Te Anau,NZ,2021-04-06 20:23:59,-45.4167,167.7167,45.57,92,26,0.76
388,Altamira,BR,2021-04-06 20:24:00,-3.2033,-52.2064,89.6,58,20,3.44
389,Goundam,ML,2021-04-06 20:24:00,16.4145,-3.6708,87.71,5,0,11.3
390,Sao Gabriel Da Cachoeira,BR,2021-04-06 20:24:00,-0.1303,-67.0892,73.4,94,90,10.36
391,Nikolskoye,RU,2021-04-06 20:24:01,59.7035,30.7861,36.0,69,0,11.18
392,Keshorai Patan,IN,2021-04-06 20:24:01,25.3,75.9333,85.82,14,0,8.95
393,Boyolangu,ID,2021-04-06 20:24:01,-8.1181,111.8935,75.25,92,99,1.1
394,Murgab,TM,2021-04-06 20:24:02,37.4966,61.9714,57.2,62,90,4.61
395,Ancud,CL,2021-04-06 20:24:02,-41.8697,-73.8203,63.0,82,75,18.41
396,Kozlovo,RU,2021-04-06 20:24:02,56.5167,36.2667,35.6,91,100,3.71
397,Haines Junction,CA,2021-04-06 20:24:03,60.7522,-137.5108,17.6,49,100,11.5
398,Sibiti,CG,2021-04-06 20:24:03,-3.6819,13.3499,67.53,95,100,1.7
399,Brandfort,ZA,2021-04-06 20:24:03,-28.7001,26.4597,62.6,59,98,5.75
400,Cayenne,GF,2021-04-06 20:23:26,4.9333,-52.3333,81.0,94,75,3.44
401,Longyearbyen,SJ,2021-04-06 20:24:04,78.2186,15.6401,10.4,48,40,10.36
402,Linares,CL,2021-04-06 20:19:51,-35.85,-71.6,76.73,30,100,5.75
403,Rockland,US,2021-04-06 20:24:04,41.1668,-74.0496,69.01,16,2,1.01
404,Olbia,IT,2021-04-06 20:24:05,40.9214,9.4856,53.6,47,0,25.32
405,San Cristobal,VE,2021-04-06 20:24:05,7.7669,-72.225,86.0,54,40,18.41
406,Portland,US,2021-04-06 20:22:59,45.5234,-122.6762,61.0,50,1,3.44
407,Presidencia Roque Saenz Pena,AR,2021-04-06 20:24:05,-26.7852,-60.4388,75.99,80,21,4.0
408,Lompoc,US,2021-04-06 20:24:06,34.6391,-120.4579,64.0,63,89,12.66
409,Neyvo-Shaytanskiy,RU,2021-04-06 20:24:06,57.7286,61.2496,24.94,96,16,2.53
410,Yuli,NG,2021-04-06 20:24:06,9.6989,10.2744,90.07,15,92,2.86
411,Biak,ID,2021-04-06 20:24:07,-0.9131,122.8766,76.82,79,16,1.48
412,Chabahar,IR,2021-04-06 20:24:07,25.2919,60.643,78.55,54,0,4.72
413,Aquidauana,BR,2021-04-06 20:24:07,-20.4711,-55.7872,91.9,30,95,7.34
414,Marathon,US,2021-04-06 20:24:08,44.9,-89.7668,78.8,38,90,3.44
415,Bonavista,CA,2021-04-06 20:24:08,48.6499,-53.1147,39.2,100,100,3.44
416,Chenzhou,CN,2021-04-06 20:24:09,25.8,113.0333,59.18,94,95,2.37
417,Energetik,RU,2021-04-06 20:24:09,51.7445,58.7934,35.53,99,100,8.1
418,Chokwe,MZ,2021-04-06 20:24:09,-24.5333,32.9833,65.98,80,0,5.26
419,Port Augusta,AU,2021-04-06 20:24:09,-32.5,137.7667,53.6,94,0,3.44
420,Saint-Joseph,RE,2021-04-06 20:24:10,-21.3667,55.6167,77.0,73,0,4.61
421,Ninghai,CN,2021-04-06 20:24:10,29.2892,121.4247,55.99,94,97,1.99
422,Aswan,EG,2021-04-06 20:24:11,24.0934,32.907,83.01,8,0,7.87
423,Mayor Pablo Lagerenza,PY,2021-04-06 20:24:11,-19.9309,-60.7718,83.8,60,76,5.19
424,Pouebo,NC,2021-04-06 20:24:11,-20.4,164.5667,73.65,75,100,9.31
425,Chakradharpur,IN,2021-04-06 20:24:12,22.7,85.6333,77.36,51,0,2.68
426,Pochutla,MX,2021-04-06 20:24:12,15.7432,-96.4661,88.0,62,90,9.22
427,Vila Franca Do Campo,PT,2021-04-06 20:24:12,37.7167,-25.4333,60.8,94,40,5.75
428,Meulaboh,ID,2021-04-06 20:24:13,4.1363,96.1285,77.04,85,98,2.15
429,Agropoli,IT,2021-04-06 20:24:13,40.3469,14.9966,57.0,83,2,5.01
430,Nizwa,OM,2021-04-06 20:24:13,22.9333,57.5333,75.33,30,0,7.23
431,Fortuna,US,2021-04-06 20:24:13,40.5982,-124.1573,57.99,82,1,16.11
432,Hasaki,JP,2021-04-06 20:24:14,35.7333,140.8333,42.8,87,20,5.75
433,Neiafu,TO,2021-04-06 20:24:14,-18.65,-173.9833,78.8,78,20,2.3
434,Narsaq,GL,2021-04-06 20:24:14,60.9167,-46.05,35.6,87,75,5.75
435,Bintulu,MY,2021-04-06 20:24:15,3.1667,113.0333,77.0,94,20,3.44
436,Uvat,RU,2021-04-06 20:24:15,59.1433,68.8953,29.46,93,60,8.14
437,Djibo,BF,2021-04-06 20:24:15,14.1022,-1.6306,90.99,7,73,8.95
438,Olafsvik,IS,2021-04-06 20:24:16,64.8945,-23.7142,27.57,64,60,4.07
439,Aripuana,BR,2021-04-06 20:24:16,-9.1667,-60.6333,83.55,74,100,2.66
440,Solnechnyy,RU,2021-04-06 20:24:16,50.7214,136.6319,22.73,93,100,2.39
441,Cidreira,BR,2021-04-06 20:24:17,-30.1811,-50.2056,74.86,78,0,12.3
442,Sao Joao Da Barra,BR,2021-04-06 20:24:17,-21.6403,-41.0511,80.6,61,75,6.91
443,Micheweni,TZ,2021-04-06 20:24:17,-4.9667,39.8333,81.23,78,13,10.0
444,Anadyr,RU,2021-04-06 20:24:18,64.75,177.4833,-9.4,70,0,6.71
445,Talnakh,RU,2021-04-06 20:24:18,69.4865,88.3972,27.41,97,100,2.75
446,Asau,RO,2021-04-06 20:24:18,46.4333,26.4,42.01,51,100,1.16
447,Santa Barbara,US,2021-04-06 20:24:19,34.7333,-120.0343,64.4,55,1,4.61
448,Coos Bay,US,2021-04-06 20:24:19,43.3665,-124.2179,62.01,66,1,20.71
449,Dryden,CA,2021-04-06 20:19:57,49.7833,-92.7503,53.6,30,1,8.05
450,Asfi,MA,2021-04-06 20:22:05,32.2994,-9.2372,62.31,86,100,8.72
451,Bushehr,IR,2021-04-06 20:24:20,28.9684,50.8385,68.0,83,0,4.61
452,Salvador,SV,2021-04-06 20:24:20,13.8333,-88.9167,91.4,45,20,9.22
453,Suicheng,CN,2021-04-06 20:24:21,33.8963,117.9331,52.05,61,100,3.74
454,Sennoy,RU,2021-04-06 20:20:07,52.1509,46.9631,34.02,99,100,11.65
455,Dudinka,RU,2021-04-06 20:24:21,69.4058,86.1778,16.48,94,96,11.56
456,Sovetsk,RU,2021-04-06 20:24:21,55.0839,21.8785,31.24,87,39,6.93
457,Maniitsoq,GL,2021-04-06 20:24:22,65.4167,-52.9,25.88,80,26,6.29
458,Great Yarmouth,GB,2021-04-06 20:24:22,52.6083,1.7305,36.0,69,20,9.22
459,Faya,SA,2021-04-06 20:24:22,18.3851,42.4509,68.0,48,16,3.44
460,Honningsvag,NO,2021-04-06 20:24:23,70.9821,25.9704,32.0,86,90,18.41
461,San Juan,AR,2021-04-06 20:20:39,-31.5375,-68.5364,90.54,25,0,7.65
462,Sao Paulo De Olivenca,BR,2021-04-06 20:24:23,-3.3783,-68.8725,82.62,76,86,2.1
463,Alofi,NU,2021-04-06 20:20:23,-19.0595,-169.9187,80.6,89,75,4.61
464,Natchitoches,US,2021-04-06 20:24:24,31.7668,-93.1335,75.2,69,90,8.05
465,Gizo,SB,2021-04-06 20:24:24,-8.103,156.8419,82.27,77,99,7.61
466,Fonte Boa,BR,2021-04-06 20:24:24,-2.4959,-66.2662,80.15,90,98,0.72
467,Southbridge,US,2021-04-06 20:24:25,42.0751,-72.0334,61.0,35,97,1.01
468,Hami,CN,2021-04-06 20:24:25,42.8,93.45,57.43,25,58,5.91
469,Nyurba,RU,2021-04-06 20:24:25,63.2842,118.3319,12.7,94,100,7.78
470,Sarangani,PH,2021-04-06 20:24:26,5.4033,125.4636,82.38,73,97,13.31
471,Dapaong,TG,2021-04-06 20:23:23,10.8639,0.205,94.35,15,12,5.82
472,Kuragino,RU,2021-04-06 20:24:26,53.8975,92.6725,34.07,98,100,1.21
473,Pringsewu,ID,2021-04-06 20:24:27,-5.3582,104.9744,73.42,89,100,3.15
474,Singkawang,ID,2021-04-06 20:24:27,0.9,109.0,76.64,89,100,3.67
475,Kyaikto,MM,2021-04-06 20:24:27,17.3,97.0167,75.78,70,5,6.38
476,Ornskoldsvik,SE,2021-04-06 20:22:26,63.2909,18.7153,35.6,93,90,14.97
477,Port Moresby,PG,2021-04-06 20:24:28,-9.4431,147.1797,76.62,89,98,5.61
478,Abu Samrah,SY,2021-04-06 20:24:28,35.3029,37.1841,69.21,22,8,10.49
479,Pavlohrad,UA,2021-04-06 20:24:29,48.5167,35.8667,39.2,87,40,6.71
480,Jaciara,BR,2021-04-06 20:24:29,-15.9653,-54.9683,84.94,62,100,4.0
481,Avera,US,2021-04-06 20:24:29,33.194,-82.5271,82.4,22,1,4.61
482,Alta Floresta,BR,2021-04-06 20:24:29,-9.8756,-56.0861,87.8,66,40,4.61
483,San Carlos,VE,2021-04-06 20:24:30,9.6612,-68.5827,86.23,56,96,3.53
484,Sur,OM,2021-04-06 20:23:02,22.5667,59.5289,81.34,30,0,3.38
485,Khandyga,RU,2021-04-06 20:24:30,62.6667,135.6,-29.56,100,72,1.68
486,Ambilobe,MG,2021-04-06 20:22:16,-13.2,49.05,75.38,93,100,2.57
487,Rocha,UY,2021-04-06 20:24:31,-34.4833,-54.3333,73.81,73,49,10.6
488,Princeton,US,2021-04-06 20:24:31,25.5384,-80.4089,78.01,53,20,11.5
489,Matagami,CA,2021-04-06 20:24:31,49.7502,-77.6328,51.8,19,1,9.22
490,Xichang,CN,2021-04-06 20:24:32,27.8964,102.2634,55.15,82,95,1.07
491,Villacarrillo,ES,2021-04-06 20:24:32,38.1156,-3.0848,59.79,44,99,2.28
492,Noumea,NC,2021-04-06 20:24:32,-22.2763,166.4572,79.0,88,90,2.3
493,Chalons-En-Champagne,FR,2021-04-06 20:24:33,48.9539,4.3672,33.8,86,0,10.36
494,Guerrero Negro,MX,2021-04-06 20:24:33,27.9769,-114.0611,70.45,53,99,19.44
495,High Level,CA,2021-04-06 20:24:33,58.5169,-117.136,37.4,65,75,9.22
496,Colares,PT,2021-04-06 20:24:34,38.7992,-9.4469,60.8,39,0,10.36
497,Praia Da Vitoria,PT,2021-04-06 20:24:34,38.7333,-27.0667,62.01,94,75,3.29
498,Ulladulla,AU,2021-04-06 20:24:34,-35.35,150.4667,63.0,100,75,4.27
499,Carbonear,CA,2021-04-06 20:24:35,47.7332,-53.2148,39.99,100,100,4.0
500,Mpanda,TZ,2021-04-06 20:24:35,-6.3655,31.0409,65.8,95,62,0.89
501,Christchurch,NZ,2021-04-06 20:24:33,-43.5333,172.6333,54.0,100,90,4.61
502,Poum,NC,2021-04-06 20:24:35,-20.2333,164.0167,77.95,68,100,20.4
503,Muskegon,US,2021-04-06 20:24:36,43.3,-86.1334,66.2,63,75,12.66
504,Palmer,US,2021-04-06 20:22:29,42.1584,-72.3287,66.2,26,20,13.8
505,Inhambane,MZ,2021-04-06 20:21:01,-23.865,35.3833,73.99,64,41,10.25
506,Irbil,IQ,2021-04-06 20:24:36,36.1926,44.0106,57.2,54,0,1.14
507,Yumen,CN,2021-04-06 20:24:37,40.2833,97.2,44.19,47,0,10.58
508,Leninskoye,KZ,2021-04-06 20:24:37,41.7589,69.3864,50.0,71,0,2.3
509,Nemuro,JP,2021-04-06 20:24:37,43.3236,145.575,33.21,73,100,6.8
510,Carutapera,BR,2021-04-06 20:24:38,-1.195,-46.02,82.08,74,74,8.88
511,Rorvik,NO,2021-04-06 20:24:38,64.8621,11.2373,35.6,80,40,21.85
512,Talcahuano,CL,2021-04-06 20:24:38,-36.7167,-73.1167,62.6,82,90,6.91
513,Vanavara,RU,2021-04-06 20:24:39,60.34,102.2797,34.38,98,100,6.71
514,Coaticook,CA,2021-04-06 20:24:39,45.1334,-71.7991,53.6,58,100,9.22
515,Kotelnikovo,RU,2021-04-06 20:24:39,47.6317,43.1461,42.13,73,0,5.93
516,Vila Velha,BR,2021-04-06 20:24:39,-20.3297,-40.2925,82.0,73,20,9.22
517,Timmins,CA,2021-04-06 20:24:40,48.4669,-81.3331,41.0,93,90,5.75
518,Perth,AU,2021-04-06 20:22:46,-31.9333,115.8333,69.01,82,0,1.14
519,Anori,BR,2021-04-06 20:24:40,-3.7728,-61.6442,80.6,87,100,2.08
520,Shihezi,CN,2021-04-06 20:24:41,44.3,86.0333,52.12,53,38,5.12
521,La Palma,US,2021-04-06 20:23:47,33.8464,-118.0467,72.0,60,40,9.22
522,Saint-Michel-Des-Saints,CA,2021-04-06 20:24:41,46.6834,-73.9159,54.0,54,29,4.45
523,Hailar,CN,2021-04-06 20:24:41,49.2,119.7,26.13,27,45,7.99
524,San Juan De Los Lagos,MX,2021-04-06 20:24:42,21.25,-102.3,80.6,13,1,14.97
525,Port-Gentil,GA,2021-04-06 20:24:42,-0.7193,8.7815,77.0,94,75,2.3
526,Maceio,BR,2021-04-06 20:24:42,-9.6658,-35.7353,80.6,74,40,9.22
527,Agirish,RU,2021-04-06 20:24:43,61.9247,63.0231,26.64,96,8,3.42
528,Smithers,CA,2021-04-06 20:23:45,54.7804,-127.1743,42.8,61,90,5.75
529,Bayir,TR,2021-04-06 20:24:43,37.2687,28.2167,64.4,63,75,9.22
530,Tariba,VE,2021-04-06 20:24:43,7.8188,-72.2243,86.0,54,40,18.41
531,Maple Creek,CA,2021-04-06 20:24:44,49.9168,-109.4848,59.0,26,5,5.75
532,Batyrevo,RU,2021-04-06 20:24:44,55.0675,47.6111,29.57,97,97,9.51
533,Mgachi,RU,2021-04-06 20:24:44,51.05,142.2667,26.62,95,30,5.79
534,Tautira,PF,2021-04-06 20:24:45,-17.7333,-149.15,84.2,58,75,4.61
535,San Jose,US,2021-04-06 20:20:10,37.3394,-121.895,66.99,51,20,6.91
536,Yerofey Pavlovich,RU,2021-04-06 20:24:45,53.9667,121.9667,4.53,85,57,3.31
537,Bouar,CF,2021-04-06 20:24:46,5.934,15.596,74.7,40,24,2.06
538,Jaisalmer,IN,2021-04-06 20:24:46,26.9147,70.9181,74.1,45,2,14.58
539,Bukama,CD,2021-04-06 20:24:46,-9.2,25.85,70.09,94,81,1.86
540,Ahipara,NZ,2021-04-06 20:24:47,-35.1667,173.1667,62.64,80,100,8.03
541,Khani,GE,2021-04-06 20:24:47,41.9563,42.9566,51.8,87,0,14.97
542,Rundu,NA,2021-04-06 20:24:47,-17.9333,19.7667,72.39,44,49,4.21
543,Boissevain,CA,2021-04-06 20:24:48,49.2306,-100.0559,55.99,24,1,9.22
544,Visby,SE,2021-04-06 20:24:48,57.6409,18.296,39.0,70,90,18.41
545,Utica,US,2021-04-06 20:24:48,43.1009,-75.2327,60.8,18,1,11.5
546,Livingston,GB,2021-04-06 20:24:49,55.9029,-3.5226,35.6,48,0,5.75
547,Gboko,NG,2021-04-06 20:24:49,7.3179,8.9951,83.66,58,98,15.28
548,Poya,NC,2021-04-06 20:24:49,-21.35,165.15,72.91,78,100,5.48
549,Maiduguri,NG,2021-04-06 20:24:50,11.8464,13.1603,88.12,11,3,10.11
550,Edmundston,CA,2021-04-06 20:24:50,47.3737,-68.3251,51.8,71,100,4.61
551,Krasnomayskiy,RU,2021-04-06 20:24:50,57.6194,34.4099,31.12,82,100,4.52
552,Phan Thiet,VN,2021-04-06 20:24:51,10.9333,108.1,74.32,82,90,7.2
553,Roma,US,2021-04-06 20:24:03,43.2128,-75.4557,61.0,18,1,11.5
554,Chuncheng,CN,2021-04-06 20:24:51,22.1731,111.7886,69.87,96,33,2.42
555,Sulangan,PH,2021-04-06 20:24:52,11.1373,123.7228,80.26,79,97,19.44
556,Uvira,CD,2021-04-06 20:24:52,-3.4067,29.1458,73.83,83,94,2.04
557,Buala,SB,2021-04-06 20:24:52,-8.145,159.5921,78.12,87,100,8.63
558,Kaberamaido,UG,2021-04-06 20:24:53,1.7389,33.1594,69.04,86,100,2.57
559,Kasongo-Lunda,CD,2021-04-06 20:24:53,-6.4667,16.8167,71.87,93,100,1.52
560,Ajaccio,FR,2021-04-06 20:22:15,42.0,8.9167,50.0,66,90,5.75
561,College,US,2021-04-06 20:24:53,64.8569,-147.8028,9.0,72,20,1.54
562,Bhadrachalam,IN,2021-04-06 20:24:54,17.6667,80.8833,79.77,68,7,6.93
563,Waipawa,NZ,2021-04-06 20:24:54,-41.4122,175.5153,55.4,88,7,3.44
564,Paracuru,BR,2021-04-06 20:24:54,-3.41,-39.0306,84.0,70,100,15.99
565,Belaya Gora,RU,2021-04-06 20:24:55,68.5333,146.4167,-16.69,99,100,1.54
566,Banda Aceh,ID,2021-04-06 20:24:55,5.5577,95.3222,79.05,81,76,7.85
567,Byron Bay,AU,2021-04-06 20:22:32,-28.65,153.6167,69.8,94,75,9.22
568,Killybegs,IE,2021-04-06 20:24:55,54.6333,-8.45,42.01,89,100,8.99
569,Canto Do Buriti,BR,2021-04-06 20:24:56,-8.11,-42.9444,90.09,39,100,4.09
570,Pemangkat,ID,2021-04-06 20:24:56,1.1667,108.9667,78.26,84,95,4.14
571,Phibun Mangsahan,TH,2021-04-06 20:24:56,15.2447,105.2291,86.0,73,58,5.75
572,Senneterre,CA,2021-04-06 20:24:57,48.3835,-77.2328,55.4,15,90,2.51
573,Gaomi,CN,2021-04-06 20:24:57,36.3833,119.7528,53.01,57,0,2.24
574,Trelew,AR,2021-04-06 20:24:57,-43.249,-65.3051,68.77,81,100,11.92
575,Sakhon Nakhon,TH,2021-04-06 20:24:58,17.1612,104.1472,76.96,58,62,8.75
576,Disna,BY,2021-04-06 20:24:58,55.568,28.1971,33.91,74,100,6.67
577,Camacupa,AO,2021-04-06 20:24:58,-12.0167,17.4833,67.53,63,96,1.45
578,Okha,RU,2021-04-06 20:24:59,53.5739,142.9478,26.31,94,100,19.37
579,Verkhnyaya Inta,RU,2021-04-06 20:24:59,65.9811,60.3094,23.54,84,66,6.62
580,Balabac,PH,2021-04-06 20:24:59,7.9868,117.0645,81.12,74,100,11.18
