City_ID,City,Lat,Lng,Max Temp,Humidity,Cloudiness,Wind Speed,Country,Date,Current Description
0,Busselton,-33.65,115.3333,61.0,99,99,1.01,AU,2021-04-11 22:31:19,overcast clouds
1,Atuona,-9.8,-139.0333,80.6,77,18,17.02,PF,2021-04-11 22:31:19,few clouds
2,Barbacoas,1.6715,-78.1398,77.72,93,99,2.33,CO,2021-04-11 22:31:19,light rain
3,Rikitea,-23.1203,-134.9692,78.3,74,7,8.19,PF,2021-04-11 22:28:26,light rain
4,Vaini,-21.2,-175.2,80.6,69,20,5.75,TO,2021-04-11 22:31:20,few clouds
5,Qaanaaq,77.484,-69.3632,23.05,94,100,9.69,GL,2021-04-11 22:31:20,snow
6,Tuktoyaktuk,69.4541,-133.0374,-5.8,71,1,9.22,CA,2021-04-11 22:31:21,clear sky
7,Kotka,60.4664,26.9458,39.0,65,0,6.91,FI,2021-04-11 22:29:24,clear sky
8,Bambous Virieux,-20.3428,57.7575,78.01,94,75,6.91,MU,2021-04-11 22:31:21,broken clouds
9,Haines Junction,60.7522,-137.5108,23.0,30,91,4.61,CA,2021-04-11 22:31:21,overcast clouds
10,Saskylakh,71.9167,114.0833,16.63,91,85,8.03,RU,2021-04-11 22:31:22,overcast clouds
11,Saldanha,-33.0117,17.9442,60.8,82,100,5.75,ZA,2021-04-11 22:31:22,overcast clouds
12,Mandali,33.7499,45.5541,64.33,25,0,11.01,IQ,2021-04-11 22:31:23,clear sky
13,Hobart,-42.8794,147.3294,50.0,76,75,10.36,AU,2021-04-11 22:31:23,broken clouds
14,Baherden,38.4362,57.4316,65.8,24,73,7.11,TM,2021-04-11 22:31:23,broken clouds
15,Kailua,21.4022,-157.7394,75.2,60,40,13.8,US,2021-04-11 22:31:24,scattered clouds
16,Kaitangata,-46.2817,169.8464,61.0,81,51,8.01,NZ,2021-04-11 22:31:24,broken clouds
17,Guerrero Negro,27.9769,-114.0611,64.62,65,99,16.75,MX,2021-04-11 22:31:24,overcast clouds
18,Arauca,7.0847,-70.7591,82.4,74,80,5.75,CO,2021-04-11 22:30:09,broken clouds
19,Dustlik,40.5247,68.0358,47.39,48,0,4.18,UZ,2021-04-11 22:31:25,clear sky
20,Chokurdakh,70.6333,147.9167,-6.03,91,54,11.34,RU,2021-04-11 22:31:25,broken clouds
21,Thompson,55.7435,-97.8558,26.6,68,90,12.66,CA,2021-04-11 22:30:12,overcast clouds
22,Hasaki,35.7333,140.8333,54.0,76,20,4.61,JP,2021-04-11 22:31:25,few clouds
23,Hervey Bay,-25.2986,152.8535,66.0,46,0,4.0,AU,2021-04-11 22:31:26,clear sky
24,Cape Town,-33.9258,18.4232,64.99,94,0,12.66,ZA,2021-04-11 22:26:36,clear sky
25,Mount Isa,-20.7333,139.5,68.0,30,0,11.5,AU,2021-04-11 22:31:09,clear sky
26,Chapaevsk,52.9813,49.7112,46.4,93,0,2.24,RU,2021-04-11 22:31:27,clear sky
27,Terrell,32.736,-96.2753,82.99,21,1,12.66,US,2021-04-11 22:31:27,clear sky
28,Griffith,41.5284,-87.4237,52.0,76,90,6.91,US,2021-04-11 22:29:26,overcast clouds
29,Port Alfred,-33.5906,26.891,65.66,91,79,3.29,ZA,2021-04-11 22:31:27,broken clouds
30,New Norfolk,-42.7826,147.0587,50.0,81,100,1.01,AU,2021-04-11 22:31:28,overcast clouds
31,Tautira,-17.7333,-149.15,86.0,66,75,14.97,PF,2021-04-11 22:31:28,broken clouds
32,Sinnamary,5.3833,-52.95,78.06,84,62,4.07,GF,2021-04-11 22:31:28,broken clouds
33,Clyde River,70.4692,-68.5914,28.4,74,20,3.44,CA,2021-04-11 22:31:29,few clouds
34,Arraial Do Cabo,-22.9661,-42.0278,78.8,78,0,9.22,BR,2021-04-11 22:29:17,clear sky
35,Mataura,-46.1927,168.8643,57.0,95,89,8.01,NZ,2021-04-11 22:31:30,overcast clouds
36,Lavrentiya,65.5833,-171.0,5.79,84,100,29.95,RU,2021-04-11 22:31:30,light snow
37,Kasongo-Lunda,-6.4667,16.8167,70.2,97,92,0.98,CD,2021-04-11 22:31:30,overcast clouds
38,Novobiryusinskiy,56.9578,97.7076,33.13,96,100,9.1,RU,2021-04-11 22:31:31,light snow
39,Punta Arenas,-53.15,-70.9167,55.4,38,0,11.5,CL,2021-04-11 22:31:31,clear sky
40,Sorland,67.667,12.6934,37.33,62,100,13.49,NO,2021-04-11 22:31:31,overcast clouds
41,Khatanga,71.9667,102.5,16.65,84,98,10.4,RU,2021-04-11 22:31:32,overcast clouds
42,Saint-Philippe,-21.3585,55.7679,77.0,73,0,4.61,RE,2021-04-11 22:31:32,clear sky
43,Alofi,-19.0595,-169.9187,80.6,78,51,6.91,NU,2021-04-11 22:31:32,broken clouds
44,Karratha,-20.7377,116.8463,82.83,76,53,6.62,AU,2021-04-11 22:31:33,broken clouds
45,Penzance,50.1186,-5.5371,39.0,70,6,6.91,GB,2021-04-11 22:31:33,clear sky
46,Tasiilaq,65.6145,-37.6368,26.6,68,0,6.4,GL,2021-04-11 22:31:33,clear sky
47,Albany,42.6001,-73.9662,61.0,75,100,8.37,US,2021-04-11 22:31:29,overcast clouds
48,Bykovo,55.6361,38.0803,45.0,65,0,2.24,RU,2021-04-11 22:31:34,clear sky
49,Ushuaia,-54.8,-68.3,50.0,53,75,18.41,AR,2021-04-11 22:31:34,broken clouds
50,Bredasdorp,-34.5322,20.0403,57.2,94,100,1.14,ZA,2021-04-11 22:31:34,overcast clouds
51,Chalakudi,10.304,76.3361,77.0,94,75,2.3,IN,2021-04-11 22:31:35,mist
52,Tupik,54.4253,119.9327,9.07,81,67,3.27,RU,2021-04-11 22:31:35,broken clouds
53,Nikolskoye,59.7035,30.7861,43.0,56,0,4.47,RU,2021-04-11 22:31:35,light rain
54,Hamilton,39.1834,-84.5333,53.6,76,90,16.11,US,2021-04-11 22:28:36,overcast clouds
55,Nuuk,64.1835,-51.7216,33.8,80,18,12.66,GL,2021-04-11 22:31:36,few clouds
56,Barrow,71.2906,-156.7887,-11.2,77,1,5.75,US,2021-04-11 22:31:36,clear sky
57,Richards Bay,-28.783,32.0377,71.35,95,10,6.55,ZA,2021-04-11 22:31:36,clear sky
58,Omsukchan,62.5333,155.8,-6.75,93,100,7.11,RU,2021-04-11 22:31:37,overcast clouds
59,Airai,-8.9266,125.4092,63.36,81,28,1.45,TL,2021-04-11 22:31:37,scattered clouds
60,Bengkulu,-3.8004,102.2655,75.16,90,100,4.92,ID,2021-04-11 22:31:37,overcast clouds
61,Yagodnoye,62.55,149.6667,-4.31,89,100,3.87,RU,2021-04-11 22:31:38,overcast clouds
62,Codrington,-38.2667,141.9667,58.06,64,80,9.08,AU,2021-04-11 22:31:38,broken clouds
63,Jamestown,42.097,-79.2353,64.4,52,1,6.91,US,2021-04-11 22:31:39,clear sky
64,Port Blair,11.6667,92.75,81.63,75,90,4.59,IN,2021-04-11 22:31:39,overcast clouds
65,Mount Gambier,-37.8333,140.7667,51.8,87,90,3.78,AU,2021-04-11 22:30:15,overcast clouds
66,Kattivakkam,13.2167,80.3167,82.4,74,40,3.44,IN,2021-04-11 22:31:39,mist
67,Dikson,73.5069,80.5464,29.12,93,100,24.14,RU,2021-04-11 22:31:40,light snow
68,Shimoda,34.6667,138.95,55.99,68,70,1.01,JP,2021-04-11 22:31:40,broken clouds
69,Nadym,65.5333,72.5167,34.27,91,100,21.85,RU,2021-04-11 22:31:40,overcast clouds
70,Hilo,19.7297,-155.09,80.6,44,1,11.5,US,2021-04-11 22:31:41,clear sky
71,Kawalu,-7.3817,108.2082,71.98,97,82,0.96,ID,2021-04-11 22:31:41,broken clouds
72,Whitehorse,60.7161,-135.0538,28.99,42,1,13.8,CA,2021-04-11 22:31:41,clear sky
73,Oranjemund,-28.55,16.4333,62.92,75,0,4.47,NA,2021-04-11 22:31:42,clear sky
74,Kodiak,57.79,-152.4072,39.2,87,90,17.27,US,2021-04-11 22:31:42,moderate rain
75,Hermanus,-34.4187,19.2345,64.99,83,100,5.01,ZA,2021-04-11 22:31:42,overcast clouds
76,Rawson,-43.3002,-65.1023,69.69,43,0,8.59,AR,2021-04-11 22:28:08,clear sky
77,Makakilo City,21.3469,-158.0858,69.8,73,90,4.61,US,2021-04-11 22:31:43,heavy intensity rain
78,Torbay,47.6666,-52.7314,33.01,100,90,12.66,CA,2021-04-11 22:31:43,fog
79,Kapaa,22.0752,-159.319,77.0,61,75,16.11,US,2021-04-11 22:31:44,light rain
80,Tateyama,34.9833,139.8667,57.0,66,28,10.31,JP,2021-04-11 22:31:44,scattered clouds
81,Listvyagi,53.6772,86.951,28.45,98,47,1.03,RU,2021-04-11 22:31:45,scattered clouds
82,Benghazi,32.1167,20.0667,62.82,42,18,9.73,LY,2021-04-11 22:31:45,few clouds
83,Jorochito,-18.05,-63.4333,69.8,83,75,19.57,BO,2021-04-11 22:31:45,broken clouds
84,Jaten,-7.5772,110.8975,74.8,91,80,3.44,ID,2021-04-11 22:31:46,broken clouds
85,Ponta Do Sol,32.6667,-17.1,63.0,81,100,1.01,PT,2021-04-11 22:31:46,overcast clouds
86,Ancud,-41.8697,-73.8203,60.01,100,75,14.97,CL,2021-04-11 22:31:47,broken clouds
87,Half Moon Bay,37.4636,-122.4286,68.0,76,1,18.41,US,2021-04-11 22:31:47,haze
88,Carnarvon,-24.8667,113.6333,78.8,83,90,12.66,AU,2021-04-11 22:31:48,overcast clouds
89,Palmas Bellas,9.2319,-80.0867,86.0,68,47,3.0,PA,2021-04-11 22:31:48,scattered clouds
90,Aras,42.5617,-2.356,45.0,70,0,11.5,ES,2021-04-11 22:31:49,clear sky
91,Nacozari,25.3366,-108.2574,84.0,61,73,11.99,MX,2021-04-11 22:31:49,broken clouds
92,Coahuayana,18.7333,-103.6833,84.2,48,40,13.8,MX,2021-04-11 22:29:45,scattered clouds
93,San Quintin,30.4833,-115.95,62.67,70,79,9.51,MX,2021-04-11 22:31:50,broken clouds
94,Mandalgovi,45.7625,106.2708,16.0,45,32,18.45,MN,2021-04-11 22:31:50,scattered clouds
95,Mamakan,57.8161,114.0028,13.57,88,100,1.86,RU,2021-04-11 22:31:50,overcast clouds
96,Tiksi,71.6872,128.8694,8.31,69,100,7.99,RU,2021-04-11 22:31:51,overcast clouds
97,Passo Fundo,-28.2628,-52.4067,65.64,96,76,8.59,BR,2021-04-11 22:31:51,broken clouds
98,Poum,-20.2333,164.0167,77.41,84,100,9.06,NC,2021-04-11 22:31:52,overcast clouds
99,Karaton,-6.3424,106.1045,78.01,83,20,4.61,ID,2021-04-11 22:31:52,few clouds
100,Tual,-5.6667,132.75,82.56,74,27,8.97,ID,2021-04-11 22:31:52,scattered clouds
101,Zhigansk,66.7697,123.3711,1.18,93,33,11.43,RU,2021-04-11 22:31:52,scattered clouds
102,Constitucion,-35.3333,-72.4167,60.82,73,0,13.2,CL,2021-04-11 22:31:53,clear sky
103,Lagoa,39.05,-27.9833,61.65,84,100,7.61,PT,2021-04-11 22:31:53,overcast clouds
104,Ahipara,-35.1667,173.1667,71.06,76,47,3.96,NZ,2021-04-11 22:31:53,scattered clouds
105,Narsaq,60.9167,-46.05,48.2,29,0,13.8,GL,2021-04-11 22:31:54,clear sky
106,Sandnessjoen,66.0217,12.6316,34.0,93,90,5.75,NO,2021-04-11 22:31:54,light snow
107,Khovu-Aksy,51.1333,93.6,24.55,57,36,4.68,RU,2021-04-11 22:31:54,scattered clouds
108,Teguise,29.0605,-13.564,68.0,77,20,8.05,ES,2021-04-11 22:31:55,few clouds
109,High Level,58.5169,-117.136,30.2,40,40,10.36,CA,2021-04-11 22:31:55,scattered clouds
110,Maniitsoq,65.4167,-52.9,29.14,76,19,5.23,GL,2021-04-11 22:31:55,few clouds
111,Manzanillo,20.3433,-77.1167,83.59,62,75,10.51,CU,2021-04-11 22:31:56,broken clouds
112,Villa Del Rosario,7.8339,-72.4742,87.8,58,40,9.22,CO,2021-04-11 22:31:56,scattered clouds
113,Zhangye,38.9342,100.4517,41.22,47,0,0.22,CN,2021-04-11 22:31:56,clear sky
114,Port Hardy,50.6996,-127.4199,46.4,49,20,18.41,CA,2021-04-11 22:30:12,few clouds
115,Hithadhoo,-0.6,73.0833,83.03,72,93,12.1,MV,2021-04-11 22:31:57,overcast clouds
116,Aklavik,68.2191,-135.0107,10.4,34,15,5.75,CA,2021-04-11 22:31:57,few clouds
117,Ngunguru,-35.6167,174.5,69.01,98,81,4.52,NZ,2021-04-11 22:31:57,broken clouds
118,Pevek,69.7008,170.3133,-13.32,98,100,5.19,RU,2021-04-11 22:31:58,overcast clouds
119,Saint George,37.1041,-113.5841,84.0,7,1,14.97,US,2021-04-11 22:31:58,clear sky
120,Zaozerne,45.1582,33.2787,45.0,70,100,10.27,UA,2021-04-11 22:31:58,overcast clouds
121,Mizan Teferi,6.9833,35.5833,62.67,93,91,3.83,ET,2021-04-11 22:31:59,light rain
122,Codajas,-3.8367,-62.0569,74.95,95,92,3.24,BR,2021-04-11 22:31:59,light rain
123,Bluff,-46.6,168.3333,57.0,95,40,8.01,NZ,2021-04-11 22:31:59,scattered clouds
124,Yerbogachen,61.2767,108.0108,3.96,99,71,2.46,RU,2021-04-11 22:28:24,broken clouds
125,Porto Belo,-27.1578,-48.5531,77.0,83,0,3.44,BR,2021-04-11 22:32:00,clear sky
126,Pisco,-13.7,-76.2167,73.4,64,0,21.85,PE,2021-04-11 22:28:40,clear sky
127,Tomatlan,19.9333,-105.25,83.37,45,83,8.01,MX,2021-04-11 22:32:00,broken clouds
128,Ambilobe,-13.2,49.05,72.86,92,96,2.91,MG,2021-04-11 22:32:00,overcast clouds
129,Merauke,-8.4667,140.3333,79.83,79,54,4.65,ID,2021-04-11 22:32:01,broken clouds
130,Ribeira Grande,38.5167,-28.7,62.6,86,82,13.44,PT,2021-04-11 22:32:01,broken clouds
131,Kahului,20.8947,-156.47,75.2,78,40,11.5,US,2021-04-11 22:30:13,light rain
132,Fortuna,40.5982,-124.1573,61.0,66,1,16.11,US,2021-04-11 22:32:02,clear sky
133,Verkh-Usugli,52.7,115.1667,15.28,46,51,4.23,RU,2021-04-11 22:32:02,broken clouds
134,Lijesnica,44.4942,18.0742,42.8,75,0,2.3,BA,2021-04-11 22:27:17,clear sky
135,Vila Velha,-20.3297,-40.2925,77.0,78,0,4.61,BR,2021-04-11 22:32:02,clear sky
136,Oga,46.4631,10.347,46.99,93,75,5.75,IT,2021-04-11 22:32:03,broken clouds
137,Butaritari,3.0707,172.7902,81.28,76,32,9.37,KI,2021-04-11 22:32:03,scattered clouds
138,Vulcan,45.3833,23.2667,36.95,85,60,2.86,RO,2021-04-11 22:32:03,broken clouds
139,Fillan,63.6064,8.9696,32.0,93,0,2.3,NO,2021-04-11 22:32:04,clear sky
140,Longyearbyen,78.2186,15.6401,19.4,63,75,13.8,SJ,2021-04-11 22:32:04,broken clouds
141,Bethel,41.3712,-73.414,55.4,82,90,6.91,US,2021-04-11 22:32:04,light rain
142,Jumla,29.2747,82.1838,41.63,32,0,5.28,NP,2021-04-11 22:32:05,clear sky
143,Berlevag,70.8578,29.0864,34.3,71,74,29.04,NO,2021-04-11 22:32:05,light snow
144,Mar Del Plata,-38.0023,-57.5575,64.0,72,0,3.44,AR,2021-04-11 22:32:05,clear sky
145,Maneadero,31.7167,-116.5667,64.99,74,73,5.99,MX,2021-04-11 22:32:06,broken clouds
146,Severo-Kurilsk,50.6789,156.125,35.11,76,81,6.33,RU,2021-04-11 22:28:38,broken clouds
147,Antofagasta,-23.65,-70.4,62.6,77,40,14.97,CL,2021-04-11 22:31:39,scattered clouds
148,Adrar,20.5022,-10.0711,78.44,18,17,12.55,MR,2021-04-11 22:32:07,few clouds
149,Yellowknife,62.456,-114.3525,10.0,66,90,5.75,CA,2021-04-11 22:32:07,light snow
150,Cidreira,-30.1811,-50.2056,72.7,83,88,17.02,BR,2021-04-11 22:32:07,overcast clouds
151,Bourail,-21.5667,165.4833,76.62,86,98,6.29,NC,2021-04-11 22:32:08,overcast clouds
152,Correntina,-13.3433,-44.6367,74.8,62,92,0.87,BR,2021-04-11 22:32:08,overcast clouds
153,Puerto Ayora,-0.7393,-90.3518,80.6,78,40,9.22,EC,2021-04-11 22:32:08,scattered clouds
154,Georgetown,5.4112,100.3354,80.6,94,40,2.3,MY,2021-04-11 22:32:09,scattered clouds
155,North Bend,43.4065,-124.2243,55.0,62,1,26.46,US,2021-04-11 22:32:09,clear sky
156,Yar-Sale,66.8333,70.8333,33.75,88,100,20.51,RU,2021-04-11 22:27:46,overcast clouds
157,Vestmannaeyjar,63.4427,-20.2734,41.65,86,100,17.92,IS,2021-04-11 22:32:10,overcast clouds
158,Lhokseumawe,5.1801,97.1507,76.73,86,23,3.44,ID,2021-04-11 22:32:10,few clouds
159,Luderitz,-26.6481,15.1594,73.0,48,0,6.13,NA,2021-04-11 22:32:11,clear sky
160,Bennettsville,34.6174,-79.6848,80.01,36,40,13.8,US,2021-04-11 22:32:11,scattered clouds
161,Katsuura,35.1333,140.3,57.0,66,24,10.71,JP,2021-04-11 22:32:11,few clouds
162,Kirovskiy,45.0917,133.5136,49.62,66,99,8.57,RU,2021-04-11 22:32:12,overcast clouds
163,Westport,41.1415,-73.3579,50.0,93,90,18.41,US,2021-04-11 22:30:56,light rain
164,Te Anau,-45.4167,167.7167,55.02,83,85,0.49,NZ,2021-04-11 22:32:12,heavy intensity rain
165,Chuy,-33.6971,-53.4616,64.09,74,95,17.67,UY,2021-04-11 22:32:12,overcast clouds
166,Lusaka,-15.4067,28.2871,60.8,88,0,3.44,ZM,2021-04-11 22:32:13,clear sky
167,Colares,38.7992,-9.4469,57.0,77,64,10.0,PT,2021-04-11 22:28:48,broken clouds
168,Gizo,-8.103,156.8419,82.0,74,99,4.03,SB,2021-04-11 22:32:13,light rain
169,Walvis Bay,-22.9575,14.5053,84.99,28,5,1.01,NA,2021-04-11 22:32:13,clear sky
170,Belaya Gora,68.5333,146.4167,-6.65,93,87,5.66,RU,2021-04-11 22:32:14,overcast clouds
171,Nioro,13.35,-15.75,79.97,43,3,6.49,GM,2021-04-11 22:32:14,clear sky
172,Petropavlovka,50.6114,105.3196,21.97,54,16,3.56,RU,2021-04-11 22:32:14,few clouds
173,Gilgit,35.9221,74.3087,51.33,85,95,0.18,PK,2021-04-11 22:32:15,overcast clouds
174,Serebryansk,49.6925,83.2892,30.2,93,5,3.49,KZ,2021-04-11 22:32:15,clear sky
175,East London,-33.0153,27.9116,71.13,82,100,1.95,ZA,2021-04-11 22:32:15,overcast clouds
176,Erzin,36.9559,36.2,50.0,76,41,2.8,TR,2021-04-11 22:32:16,scattered clouds
177,Mezhdurechensk,53.6942,88.0603,30.22,93,69,1.28,RU,2021-04-11 22:32:16,broken clouds
178,Jinxiang,27.4327,120.6062,64.08,96,100,2.33,CN,2021-04-11 22:32:17,overcast clouds
179,Vila Franca Do Campo,37.7167,-25.4333,62.6,94,75,9.22,PT,2021-04-11 22:28:55,broken clouds
180,Gat,31.61,34.7642,55.0,86,8,8.01,IL,2021-04-11 22:30:05,clear sky
181,Pimenta Bueno,-11.6725,-61.1936,75.87,91,99,1.77,BR,2021-04-11 22:29:23,overcast clouds
182,Nago,26.5881,127.9761,69.8,73,1,9.22,JP,2021-04-11 22:32:18,clear sky
183,Palana,59.1167,159.9667,8.2,81,98,1.77,RU,2021-04-11 22:32:18,overcast clouds
184,Brae,60.3964,-1.353,33.8,80,70,8.05,GB,2021-04-11 22:32:19,broken clouds
185,Cabedelo,-6.9811,-34.8339,75.2,100,75,8.05,BR,2021-04-11 22:32:19,broken clouds
186,Lowestoft,52.4752,1.7516,35.01,90,96,1.99,GB,2021-04-11 22:30:23,overcast clouds
187,Saint-Augustin,51.226,-58.6502,42.55,87,88,19.82,CA,2021-04-11 22:32:20,overcast clouds
188,Asfi,32.2994,-9.2372,60.94,83,80,15.82,MA,2021-04-11 22:32:20,broken clouds
189,Fort Smith,35.3859,-94.3986,80.6,24,1,9.22,US,2021-04-11 22:32:20,clear sky
190,Itupiranga,-5.1347,-49.3267,84.2,89,40,2.8,BR,2021-04-11 22:30:50,scattered clouds
191,Siguiri,11.6667,-9.5,89.33,15,35,2.13,GN,2021-04-11 22:32:21,scattered clouds
192,Norman Wells,65.282,-126.8329,6.8,40,1,10.36,CA,2021-04-11 22:32:21,clear sky
193,Skibbereen,51.55,-9.2667,39.2,70,40,10.36,IE,2021-04-11 22:32:22,scattered clouds
194,Henties Bay,-22.116,14.2845,84.99,28,1,1.01,NA,2021-04-11 22:32:22,clear sky
195,Isangel,-19.55,169.2667,82.4,89,75,5.75,VU,2021-04-11 22:32:22,broken clouds
196,Tanete,-3.9443,119.7848,76.06,92,53,0.94,ID,2021-04-11 22:32:23,broken clouds
197,Timaru,-44.4,171.25,57.0,97,80,7.67,NZ,2021-04-11 22:32:23,light rain
198,Hofn,64.2539,-15.2082,38.32,90,100,14.61,IS,2021-04-11 22:32:23,overcast clouds
199,Campbell River,50.0163,-125.2446,53.01,40,20,10.36,CA,2021-04-11 22:32:24,few clouds
200,Yankton,42.8711,-97.3973,60.8,31,90,24.16,US,2021-04-11 22:32:24,overcast clouds
201,Cordoba,-31.4135,-64.1811,62.6,55,0,4.61,AR,2021-04-11 22:29:15,clear sky
202,Toora-Khem,52.4675,96.11,22.57,91,76,1.79,RU,2021-04-11 22:32:25,broken clouds
203,Udachnyy,66.4167,112.4,-4.5,86,77,4.76,RU,2021-04-11 22:31:18,broken clouds
204,Meadow Lake,34.8014,-106.5436,79.0,6,75,6.91,US,2021-04-11 22:32:25,broken clouds
205,Klaksvik,62.2266,-6.589,32.0,74,75,1.14,FO,2021-04-11 22:32:25,broken clouds
206,Pangnirtung,66.1451,-65.7125,36.72,90,100,3.13,CA,2021-04-11 22:32:26,light rain
207,Gerede,40.8008,32.1969,26.33,98,100,2.53,TR,2021-04-11 22:32:26,light snow
208,Lincoln,40.8,-96.667,69.8,26,1,24.16,US,2021-04-11 22:32:26,clear sky
209,Bilibino,68.0546,166.4372,-4.68,70,20,0.56,RU,2021-04-11 22:32:27,few clouds
210,Bosaso,11.2842,49.1816,79.5,61,70,13.44,SO,2021-04-11 22:32:27,broken clouds
211,Praia,14.9215,-23.5087,73.4,60,0,19.57,CV,2021-04-11 22:32:27,clear sky
212,Prince Rupert,54.3161,-130.3201,41.0,65,90,9.22,CA,2021-04-11 22:30:57,overcast clouds
213,Oriximina,-1.7656,-55.8661,76.95,89,100,3.42,BR,2021-04-11 22:32:28,overcast clouds
214,Islamkot,24.6997,70.177,77.52,33,0,9.84,PK,2021-04-11 22:32:28,clear sky
215,Caravelas,-17.7125,-39.2481,74.77,83,10,5.03,BR,2021-04-11 22:32:29,clear sky
216,Cayenne,4.9333,-52.3333,81.0,89,0,2.3,GF,2021-04-11 22:32:29,clear sky
217,Beloha,-25.1667,45.05,71.85,90,22,10.71,MG,2021-04-11 22:32:29,few clouds
218,Cherskiy,68.75,161.3,-11.74,92,92,4.27,RU,2021-04-11 22:32:30,overcast clouds
219,Baturite,-4.3286,-38.8847,74.91,89,76,3.53,BR,2021-04-11 22:32:30,broken clouds
220,Zaragoza,41.6561,-0.8773,50.0,71,0,19.57,ES,2021-04-11 22:31:55,clear sky
221,Upernavik,72.7868,-56.1549,32.76,66,100,26.71,GL,2021-04-11 22:32:30,overcast clouds
222,Afonso Bezerra,-5.4983,-36.5056,79.72,74,100,18.68,BR,2021-04-11 22:32:31,overcast clouds
223,Sokoni,-6.4333,39.55,80.6,89,40,11.5,TZ,2021-04-11 22:32:31,moderate rain
224,Novopokrovka,49.8425,36.5477,51.8,35,90,13.42,UA,2021-04-11 22:32:31,light rain
225,Mahebourg,-20.4081,57.7,77.0,94,75,6.91,MU,2021-04-11 22:32:32,broken clouds
226,Vardo,70.3705,31.1107,33.8,75,75,28.77,NO,2021-04-11 22:32:32,broken clouds
227,Raudeberg,61.9875,5.1352,37.99,79,44,15.48,NO,2021-04-11 22:32:32,scattered clouds
228,Sinjar,36.3209,41.8754,49.95,49,7,5.61,IQ,2021-04-11 22:32:33,clear sky
229,Port Hedland,-20.3167,118.5667,78.8,89,82,9.46,AU,2021-04-11 22:32:33,broken clouds
230,Esperance,-33.8667,121.9,60.8,72,40,21.85,AU,2021-04-11 22:32:33,light rain
231,Hami,42.8,93.45,52.07,36,100,13.98,CN,2021-04-11 22:32:34,overcast clouds
232,Pucallpa,-8.3791,-74.5539,84.2,70,40,2.3,PE,2021-04-11 22:32:34,scattered clouds
233,Sur,22.5667,59.5289,80.64,64,0,9.66,OM,2021-04-11 22:32:35,clear sky
234,Faanui,-16.4833,-151.75,82.36,72,100,9.75,PF,2021-04-11 22:32:35,overcast clouds
235,Taltal,-25.4,-70.4833,64.8,79,52,4.85,CL,2021-04-11 22:32:35,broken clouds
236,Xining,36.6167,101.7667,37.29,69,67,1.28,CN,2021-04-11 22:32:36,broken clouds
237,Luena,-11.7833,19.9167,65.08,67,89,4.23,AO,2021-04-11 22:30:15,overcast clouds
238,San Patricio,28.017,-97.5169,86.0,48,1,12.66,US,2021-04-11 22:32:36,clear sky
239,Biu,10.6129,12.1946,83.75,9,64,3.15,NG,2021-04-11 22:32:36,broken clouds
240,Jadu,31.953,12.0261,67.23,21,100,33.11,LY,2021-04-11 22:32:37,overcast clouds
241,Quatre Cocos,-20.2078,57.7625,78.01,94,75,6.91,MU,2021-04-11 22:32:37,light rain
242,Port-Gentil,-0.7193,8.7815,77.0,94,20,2.3,GA,2021-04-11 22:32:38,few clouds
243,Woodward,36.4337,-99.3904,82.4,18,1,8.05,US,2021-04-11 22:32:38,clear sky
244,Sindor,62.8629,51.8905,33.64,79,6,10.71,RU,2021-04-11 22:32:38,clear sky
245,Roald,62.5833,6.1333,37.4,81,40,13.8,NO,2021-04-11 22:32:39,scattered clouds
246,Xilagani,40.9833,25.4167,46.99,73,0,3.0,GR,2021-04-11 22:32:39,clear sky
247,Ahome,25.9167,-109.1833,86.0,39,75,11.5,MX,2021-04-11 22:31:55,broken clouds
248,Tabriz,38.08,46.2919,46.4,66,20,4.61,IR,2021-04-11 22:31:19,few clouds
249,Avera,33.194,-82.5271,77.0,57,1,10.36,US,2021-04-11 22:32:40,clear sky
250,Nishihara,26.1842,127.7558,69.8,73,40,16.11,JP,2021-04-11 22:32:40,scattered clouds
251,Gawler,-34.6,138.7333,51.01,79,100,1.01,AU,2021-04-11 22:30:11,overcast clouds
252,Mildura,-34.2,142.15,44.6,76,0,6.91,AU,2021-04-11 22:31:50,clear sky
253,Birao,10.2849,22.7882,80.76,13,100,6.67,CF,2021-04-11 22:32:41,overcast clouds
254,Nanakuli,21.3906,-158.1547,69.8,73,90,4.61,US,2021-04-11 22:32:41,light rain
255,Kokkola,63.8385,23.1307,33.01,86,0,2.3,FI,2021-04-11 22:32:42,clear sky
256,Jibuti,11.5,42.5,80.6,78,1,12.86,DJ,2021-04-11 22:32:42,haze
257,Oyama,36.3,139.8,59.0,81,20,3.44,JP,2021-04-11 22:32:42,few clouds
258,Victoria,22.2855,114.1577,73.0,86,96,9.44,HK,2021-04-11 22:32:09,overcast clouds
259,Barstow,34.8986,-117.0228,87.8,7,1,4.61,US,2021-04-11 22:32:43,clear sky
260,Godfrey,38.9556,-90.1868,66.99,45,1,13.8,US,2021-04-11 22:31:43,clear sky
261,Arman,59.7,150.1667,10.31,85,100,12.93,RU,2021-04-11 22:32:44,overcast clouds
262,Weihai,37.5017,122.1136,48.45,93,100,20.6,CN,2021-04-11 22:32:44,light rain
263,Nanortalik,60.1432,-45.2371,35.44,66,0,4.27,GL,2021-04-11 22:32:44,clear sky
264,Ndele,8.4109,20.6473,79.39,22,91,3.6,CF,2021-04-11 22:32:45,overcast clouds
265,Saint-Leu,-21.15,55.2833,77.0,73,0,4.61,RE,2021-04-11 22:32:45,clear sky
266,Atbasar,51.8,68.3333,27.57,94,43,5.41,KZ,2021-04-11 22:32:45,scattered clouds
267,Carlyle,38.6103,-89.3726,66.99,34,1,20.71,US,2021-04-11 22:30:36,clear sky
268,Leningradskiy,69.3833,178.4167,-5.04,83,9,5.82,RU,2021-04-11 22:29:13,clear sky
269,Menongue,-14.6585,17.691,59.77,68,7,3.51,AO,2021-04-11 22:32:46,clear sky
270,Lorengau,-2.0226,147.2712,77.4,89,100,18.57,PG,2021-04-11 22:32:46,moderate rain
271,Mikepercs,47.45,21.6333,55.4,58,0,4.61,HU,2021-04-11 22:32:47,clear sky
272,Firozpur,30.9167,74.6,77.0,41,90,25.32,IN,2021-04-11 22:32:47,overcast clouds
273,Niquero,20.0431,-77.5828,79.99,76,70,12.44,CU,2021-04-11 22:32:47,broken clouds
274,Kimberley,-28.7323,24.7623,60.8,67,3,2.3,ZA,2021-04-11 22:32:48,clear sky
275,Sistranda,63.7256,8.834,32.0,93,0,2.3,NO,2021-04-11 22:32:48,clear sky
276,Santa Fe,-31.6333,-60.7,66.0,73,83,5.32,AR,2021-04-11 22:30:10,light rain
277,Itarema,-2.9248,-39.9167,79.65,80,100,11.61,BR,2021-04-11 22:32:49,overcast clouds
278,Te Karaka,-38.4654,177.8679,73.8,78,84,1.9,NZ,2021-04-11 22:32:49,broken clouds
279,Fort Walton Beach,30.4058,-86.6188,75.2,60,1,6.91,US,2021-04-11 22:31:29,clear sky
280,Hualmay,-11.0964,-77.6139,69.82,82,96,7.9,PE,2021-04-11 22:32:50,overcast clouds
281,Kuala Lipis,4.1842,102.0468,71.98,97,41,0.4,MY,2021-04-11 22:32:50,scattered clouds
282,Cabo San Lucas,22.8909,-109.9124,86.0,36,40,14.97,MX,2021-04-11 22:32:50,scattered clouds
283,Mehamn,71.0357,27.8492,33.62,70,96,28.59,NO,2021-04-11 22:32:51,snow
284,Provideniya,64.3833,-173.3,11.57,84,100,26.96,RU,2021-04-11 22:32:51,light snow
285,Acapulco,16.8634,-99.8901,84.2,65,20,11.5,MX,2021-04-11 22:32:52,few clouds
286,Gorin,51.1983,136.6669,33.84,48,100,3.62,RU,2021-04-11 22:32:52,overcast clouds
287,Libertador General San Martin,-23.8064,-64.7876,66.99,94,99,1.01,AR,2021-04-11 22:32:52,overcast clouds
288,Cervo,43.6702,-7.4101,51.01,69,4,5.01,ES,2021-04-11 22:32:53,clear sky
289,Talnakh,69.4865,88.3972,23.14,93,100,13.76,RU,2021-04-11 22:32:53,overcast clouds
290,Souillac,-20.5167,57.5167,77.0,94,75,6.91,MU,2021-04-11 22:32:54,broken clouds
291,Lebu,-37.6167,-73.65,57.15,86,0,12.46,CL,2021-04-11 22:32:54,clear sky
292,Iqaluit,63.7506,-68.5145,30.2,93,90,17.27,CA,2021-04-11 22:32:54,overcast clouds
293,Pasir Gudang,1.4584,103.8805,80.6,89,40,2.3,MY,2021-04-11 22:32:55,scattered clouds
294,Aksu,41.1231,80.2644,53.78,27,0,6.35,CN,2021-04-11 22:32:55,clear sky
295,Del Rio,29.3627,-100.8968,95.0,23,1,4.61,US,2021-04-11 22:32:55,clear sky
296,Batticaloa,7.7102,81.6924,78.53,82,97,4.63,LK,2021-04-11 22:32:56,overcast clouds
297,Saquarema,-22.92,-42.5103,78.8,83,20,5.75,BR,2021-04-11 22:32:56,few clouds
298,Saint-Georges,12.0564,-61.7485,82.4,74,20,9.22,GD,2021-04-11 22:32:56,few clouds
299,Qui Nhon,13.7667,109.2333,75.09,86,8,5.57,VN,2021-04-11 22:31:24,clear sky
300,Chipinge,-20.1883,32.6236,57.31,85,0,3.53,ZW,2021-04-11 22:32:57,clear sky
301,Garowe,8.4054,48.4845,70.97,84,33,7.96,SO,2021-04-11 22:32:57,scattered clouds
302,College,64.8569,-147.8028,28.99,33,90,6.91,US,2021-04-11 22:30:11,overcast clouds
303,Myitkyina,25.3833,97.4,69.19,63,18,2.68,MM,2021-04-11 22:32:57,few clouds
304,Ginir,7.1333,40.7,58.51,80,38,3.98,ET,2021-04-11 22:32:58,scattered clouds
305,Beihai,21.4833,109.1,74.5,87,98,14.12,CN,2021-04-11 22:32:58,overcast clouds
306,Port Lincoln,-34.7333,135.8667,61.41,60,100,18.03,AU,2021-04-11 22:32:59,overcast clouds
307,San Francisco,37.7749,-122.4194,66.99,48,75,20.71,US,2021-04-11 22:32:12,broken clouds
308,Devaprayag,30.15,78.6167,64.74,20,0,6.31,IN,2021-04-11 22:32:59,clear sky
309,Ozark,37.0209,-93.206,77.0,25,1,9.22,US,2021-04-11 22:32:59,clear sky
310,Fukue,32.6881,128.8419,62.22,72,100,17.65,JP,2021-04-11 22:31:22,light rain
311,Sumter,28.7086,-82.0831,66.2,82,1,3.44,US,2021-04-11 22:33:00,clear sky
312,Bairiki,1.3292,172.9752,84.2,79,75,9.22,KI,2021-04-11 22:33:00,broken clouds
313,Russell,32.3502,-85.1999,78.8,25,1,9.22,US,2021-04-11 22:33:01,clear sky
314,La Ronge,55.1001,-105.2842,35.6,55,100,6.91,CA,2021-04-11 22:33:01,overcast clouds
315,Kirakira,-10.4544,161.9205,81.01,78,100,0.81,SB,2021-04-11 22:28:03,overcast clouds
316,Hokitika,-42.7167,170.9667,57.31,91,99,9.04,NZ,2021-04-11 22:33:01,overcast clouds
317,Serebryanyy Bor,56.8,124.8,2.28,94,99,1.23,RU,2021-04-11 22:33:02,overcast clouds
318,Kiunga,-6.1219,141.2906,75.76,91,99,1.79,PG,2021-04-11 22:33:02,overcast clouds
319,Ponta Delgada,37.7333,-25.6667,62.6,94,75,9.22,PT,2021-04-11 22:33:02,broken clouds
320,Dagua,3.6569,-76.6886,87.8,48,40,3.44,CO,2021-04-11 22:33:03,scattered clouds
321,Batagay-Alyta,67.8006,130.4114,-7.42,71,8,4.18,RU,2021-04-11 22:29:17,clear sky
322,Sola,-13.8833,167.55,84.2,100,95,2.3,VU,2021-04-11 22:33:03,overcast clouds
323,Nyurba,63.2842,118.3319,2.57,96,94,3.8,RU,2021-04-11 22:33:04,overcast clouds
324,Kysyl-Syr,63.8986,122.7617,3.45,83,17,4.38,RU,2021-04-11 22:33:04,few clouds
325,Levokumskoye,44.8219,44.6606,48.72,73,100,3.62,RU,2021-04-11 22:33:04,overcast clouds
326,Kazachinskoye,57.6953,93.2761,33.94,88,100,4.88,RU,2021-04-11 22:33:05,overcast clouds
327,Waingapu,-9.6567,120.2641,77.18,81,70,4.09,ID,2021-04-11 22:33:06,broken clouds
328,Egvekinot,66.3167,-179.1667,-2.15,74,100,19.64,RU,2021-04-11 22:33:07,overcast clouds
329,Benguela,-12.5763,13.4055,81.48,81,72,2.48,AO,2021-04-11 22:29:16,broken clouds
330,Scarborough,54.2797,-0.4044,32.0,80,69,7.76,GB,2021-04-11 22:33:07,broken clouds
331,Matara,5.9485,80.5353,76.23,87,85,2.37,LK,2021-04-11 22:30:06,overcast clouds
332,Lompoc,34.6391,-120.4579,62.6,55,86,14.97,US,2021-04-11 22:32:59,overcast clouds
333,Gravdal,68.1214,13.5031,36.0,64,100,11.86,NO,2021-04-11 22:33:08,overcast clouds
334,Srednekolymsk,67.45,153.6833,-11.99,93,95,2.93,RU,2021-04-11 22:28:36,overcast clouds
335,Cuitlahuac,18.8167,-96.7167,86.0,62,1,12.66,MX,2021-04-11 22:33:08,clear sky
336,Ribas Do Rio Pardo,-20.4431,-53.7592,83.93,36,55,3.85,BR,2021-04-11 22:33:08,broken clouds
337,Hobyo,5.3505,48.5268,81.99,62,39,11.41,SO,2021-04-11 22:28:47,scattered clouds
338,Jyvaskyla,62.2415,25.7209,30.99,80,0,1.14,FI,2021-04-11 22:33:09,clear sky
339,Okhotsk,59.3833,143.3,19.53,78,100,13.71,RU,2021-04-11 22:32:10,light snow
340,Sitka,57.0531,-135.33,39.2,75,90,3.44,US,2021-04-11 22:33:09,light snow
341,La Malbaie,47.6575,-70.1559,48.99,70,66,12.66,CA,2021-04-11 22:32:27,broken clouds
342,Bilma,18.6853,12.9164,82.8,9,9,9.8,NE,2021-04-11 22:33:10,clear sky
343,Gaoua,10.2992,-3.2508,90.64,27,56,4.72,BF,2021-04-11 22:33:10,broken clouds
344,Geraldton,-28.7667,114.6,73.4,88,75,19.57,AU,2021-04-11 22:31:15,broken clouds
345,Cao Bang,22.6667,106.25,70.48,96,99,4.09,VN,2021-04-11 22:33:11,overcast clouds
346,Santiago Del Estero,-27.7951,-64.2615,65.84,37,18,6.6,AR,2021-04-11 22:30:05,few clouds
347,Bousse,12.6606,-1.8922,87.8,25,0,2.3,BF,2021-04-11 22:33:11,clear sky
348,Mwanza,-2.5167,32.9,69.8,78,40,11.5,TZ,2021-04-11 22:33:11,light rain
349,Townsville,-19.25,146.8,78.8,47,20,10.36,AU,2021-04-11 22:33:12,few clouds
350,Kruisfontein,-34.0033,24.7314,57.99,89,80,1.99,ZA,2021-04-11 22:33:12,broken clouds
351,Swan Hill,-35.3378,143.5544,54.54,63,1,8.1,AU,2021-04-11 22:33:12,clear sky
352,Pacific Grove,36.6177,-121.9166,59.0,63,90,10.36,US,2021-04-11 22:33:13,overcast clouds
353,Grand Gaube,-20.0064,57.6608,78.01,82,87,3.0,MU,2021-04-11 22:33:13,light rain
354,Stepnyak,52.8339,70.7803,33.76,69,11,4.41,KZ,2021-04-11 22:33:14,few clouds
355,Murmashi,68.8154,32.8115,33.8,64,0,6.71,RU,2021-04-11 22:33:14,clear sky
356,Vallenar,-28.5708,-70.7581,69.48,48,0,3.87,CL,2021-04-11 22:33:14,clear sky
357,Raton,36.9034,-104.4391,75.2,4,1,11.5,US,2021-04-11 22:33:15,clear sky
358,Rurrenabaque,-14.4413,-67.5278,86.0,74,75,4.61,BO,2021-04-11 22:33:15,broken clouds
359,Dingle,10.9995,122.6711,78.31,80,92,5.93,PH,2021-04-11 22:33:15,overcast clouds
360,Kolaras,25.2333,77.6,78.91,32,18,6.53,IN,2021-04-11 22:33:16,few clouds
361,Tura,25.5198,90.2201,73.87,56,71,4.88,IN,2021-04-11 22:33:16,broken clouds
362,Anadyr,64.75,177.4833,0.0,78,20,17.9,RU,2021-04-11 22:33:17,snow
363,Farafangana,-22.8167,47.8333,74.7,83,87,4.05,MG,2021-04-11 22:33:17,overcast clouds
364,Harku,59.1325,24.3711,44.01,74,100,3.0,EE,2021-04-11 22:33:18,overcast clouds
365,Broken Hill,-31.95,141.4333,46.4,61,19,2.3,AU,2021-04-11 22:33:18,few clouds
366,Jiayuguan,39.8167,98.3,38.21,59,3,5.17,CN,2021-04-11 22:33:18,clear sky
367,Williston,48.147,-103.618,42.01,59,100,11.01,US,2021-04-11 22:33:19,overcast clouds
368,Sorong,-0.8833,131.25,80.06,81,71,4.18,ID,2021-04-11 22:33:19,broken clouds
369,Krasnyy Chikoy,50.3643,108.7512,20.53,54,20,5.84,RU,2021-04-11 22:33:19,few clouds
370,Labuhan,-6.8844,112.2051,77.61,86,63,4.9,ID,2021-04-11 22:33:20,broken clouds
371,Rincon,32.296,-81.2354,73.4,68,75,10.36,US,2021-04-11 22:33:20,broken clouds
372,Axim,4.8699,-2.2405,80.85,87,86,7.14,GH,2021-04-11 22:33:20,overcast clouds
373,Saryg-Sep,51.5,95.6,24.98,79,61,3.06,RU,2021-04-11 22:33:21,broken clouds
374,Pawayan,28.0667,80.1,73.67,12,0,6.89,IN,2021-04-11 22:33:21,clear sky
375,Luxor,25.6989,32.6421,62.6,34,0,4.61,EG,2021-04-11 22:33:21,clear sky
376,Cajabamba,-7.6167,-78.05,59.92,75,86,2.64,PE,2021-04-11 22:33:22,light rain
377,Ostrovnoy,68.0531,39.5131,31.41,79,66,27.38,RU,2021-04-11 22:33:22,broken clouds
378,Dudinka,69.4058,86.1778,27.57,91,100,23.35,RU,2021-04-11 22:33:22,overcast clouds
379,Castro,-24.7911,-50.0119,63.9,74,9,4.92,BR,2021-04-11 22:33:23,clear sky
380,Rehoboth,-23.3167,17.0833,66.4,39,0,6.6,NA,2021-04-11 22:33:23,clear sky
381,Nhulunbuy,-12.2333,136.7667,78.8,89,65,4.21,AU,2021-04-11 22:33:23,broken clouds
382,Asau,46.4333,26.4,42.01,46,1,3.42,RO,2021-04-11 22:33:24,light rain
383,Chake Chake,-5.2459,39.7666,77.36,88,90,6.17,TZ,2021-04-11 22:33:13,light rain
384,Rocha,-34.4833,-54.3333,62.96,73,99,17.05,UY,2021-04-11 22:33:24,overcast clouds
385,Siocon,7.7061,122.1353,80.19,82,42,6.08,PH,2021-04-11 22:33:25,scattered clouds
386,Manuk Mangkaw,4.8,119.85,82.96,75,83,8.05,PH,2021-04-11 22:33:25,broken clouds
387,Shumikha,55.2261,63.2961,35.33,90,41,8.81,RU,2021-04-11 22:33:12,scattered clouds
388,Myski,53.709,87.8014,30.38,95,74,1.07,RU,2021-04-11 22:33:26,broken clouds
389,Laguna,38.421,-121.4238,82.99,14,1,4.61,US,2021-04-11 22:33:26,clear sky
390,Mailsi,29.8003,72.1758,79.03,14,45,5.99,PK,2021-04-11 22:33:26,scattered clouds
391,Barcelos,41.5388,-8.6151,57.99,71,0,6.91,PT,2021-04-11 22:31:48,clear sky
392,Vao,-22.6667,167.4833,76.08,77,57,5.5,NC,2021-04-11 22:33:27,broken clouds
393,Monrovia,6.3005,-10.7969,77.0,94,36,6.53,LR,2021-04-11 22:33:27,light rain
394,Upington,-28.4478,21.2561,69.8,40,0,2.3,ZA,2021-04-11 22:30:27,clear sky
395,Sabha,27.0377,14.4283,73.96,15,69,24.58,LY,2021-04-11 22:33:28,broken clouds
396,Petropavlivka,48.4564,36.4367,49.42,60,100,13.44,UA,2021-04-11 22:33:28,overcast clouds
397,Baruun-Urt,46.6806,113.2792,21.24,52,57,16.44,MN,2021-04-11 22:32:15,broken clouds
398,Gorontalo,0.5412,123.0595,77.76,87,86,2.13,ID,2021-04-11 22:33:28,overcast clouds
399,Sioux City,42.5,-96.4003,66.2,30,1,14.97,US,2021-04-11 22:33:24,clear sky
400,Soyaux,45.65,0.2,41.0,93,75,5.75,FR,2021-04-11 22:33:29,broken clouds
401,Creston,41.0586,-94.3614,66.2,32,1,16.11,US,2021-04-11 22:33:29,clear sky
402,Verkhnyaya Inta,65.9811,60.3094,34.03,80,69,23.78,RU,2021-04-11 22:33:29,light snow
403,Ardrishaig,56.0157,-5.4481,30.0,80,3,3.44,GB,2021-04-11 22:33:30,clear sky
404,Novyy Rogachik,48.6768,44.0608,57.0,76,40,11.18,RU,2021-04-11 22:33:30,scattered clouds
405,Zhiryatino,53.2228,33.7306,46.4,49,3,4.47,RU,2021-04-11 22:33:30,clear sky
406,Brooks,50.5834,-111.8851,39.2,56,100,6.91,CA,2021-04-11 22:33:31,overcast clouds
407,Butembo,0.15,29.2833,57.49,82,66,2.1,CD,2021-04-11 22:33:31,broken clouds
408,Mayo,38.8876,-76.5119,70.0,60,20,8.05,US,2021-04-11 22:33:32,few clouds
409,Zhongshu,24.5167,103.7667,55.56,98,20,4.09,CN,2021-04-11 22:33:32,few clouds
410,San Juan,-31.5375,-68.5364,66.43,25,0,2.42,AR,2021-04-11 22:33:32,clear sky
411,Bathsheba,13.2167,-59.5167,78.8,69,75,13.8,BB,2021-04-11 22:33:33,volcanic ash
412,Rio Tercero,-32.173,-64.1141,57.0,63,0,4.32,AR,2021-04-11 22:33:33,clear sky
413,Husavik,66.0449,-17.3389,33.8,80,75,4.61,IS,2021-04-11 22:33:33,broken clouds
414,Saint Anthony,45.0205,-93.218,55.4,67,90,13.8,US,2021-04-11 22:33:34,overcast clouds
415,Coquimbo,-29.9533,-71.3436,59.0,82,0,12.66,CL,2021-04-11 22:29:22,clear sky
416,Naze,28.3667,129.4833,69.8,73,20,17.27,JP,2021-04-11 22:33:34,few clouds
417,Hambantota,6.1241,81.1185,77.79,83,95,2.57,LK,2021-04-11 22:33:34,overcast clouds
418,Tooele,40.5308,-112.2983,51.01,40,1,10.36,US,2021-04-11 22:30:01,clear sky
419,Lata,40.1629,-8.3327,55.0,88,18,3.0,PT,2021-04-11 22:28:47,few clouds
420,Lamu,-2.2717,40.902,82.4,83,40,6.91,KE,2021-04-11 22:33:35,scattered clouds
421,Sao Filipe,14.8961,-24.4956,75.07,67,0,8.12,CV,2021-04-11 22:33:35,clear sky
422,Itoman,26.1247,127.6694,69.8,73,20,10.36,JP,2021-04-11 22:33:36,few clouds
423,Mogzon,51.7435,111.9606,16.09,50,87,3.15,RU,2021-04-11 22:33:36,overcast clouds
424,Ilulissat,69.2167,-51.1,30.2,69,75,4.61,GL,2021-04-11 22:33:37,broken clouds
425,Ler,8.3018,30.1418,85.5,39,69,4.92,SS,2021-04-11 22:33:37,broken clouds
426,Port Pirie,-33.1833,138.0167,50.0,81,99,3.44,AU,2021-04-11 22:33:37,overcast clouds
427,Coos Bay,43.3665,-124.2179,55.99,62,1,26.46,US,2021-04-11 22:28:52,clear sky
428,Takoradi,4.8845,-1.7554,80.82,86,99,5.53,GH,2021-04-11 22:33:15,overcast clouds
429,Keelung,25.1283,121.7419,71.01,100,20,3.44,TW,2021-04-11 22:33:38,few clouds
430,Gaya,24.7833,85.0,69.8,46,71,4.61,IN,2021-04-11 22:33:38,haze
431,Kununurra,-15.7667,128.7333,77.0,94,100,5.75,AU,2021-04-11 22:33:39,overcast clouds
432,Sayyan,15.1718,44.3244,57.99,52,4,1.25,YE,2021-04-11 22:33:39,clear sky
433,Faya,18.3851,42.4509,62.6,44,0,0.87,SA,2021-04-11 22:33:39,clear sky
434,Mindelo,16.8901,-24.9804,71.6,78,20,16.11,CV,2021-04-11 22:31:23,few clouds
435,Port Elizabeth,-33.918,25.5701,60.8,100,40,3.44,ZA,2021-04-11 22:33:40,scattered clouds
436,Sisimiut,66.9395,-53.6735,29.41,72,81,11.52,GL,2021-04-11 22:33:40,broken clouds
437,Brenes,37.5494,-5.8714,60.8,82,0,5.75,ES,2021-04-11 22:33:41,clear sky
438,Camacha,33.0833,-16.3333,64.4,94,40,4.61,PT,2021-04-11 22:33:41,scattered clouds
439,Sibolga,1.7427,98.7792,76.08,88,100,1.86,ID,2021-04-11 22:33:42,overcast clouds
440,Umm Lajj,25.0213,37.2685,69.21,48,0,13.31,SA,2021-04-11 22:33:42,clear sky
441,Uyovu,-3.2833,31.5258,61.92,97,71,3.69,TZ,2021-04-11 22:33:42,broken clouds
442,Emerald,-23.5333,148.1667,64.4,32,0,23.02,AU,2021-04-11 22:33:43,clear sky
443,Bahia Blanca,-38.7196,-62.2724,64.98,48,0,7.49,AR,2021-04-11 22:29:07,clear sky
444,Basar,27.9833,94.6667,58.6,90,56,3.91,IN,2021-04-11 22:33:43,broken clouds
445,Prince George,53.9166,-122.753,41.0,38,75,5.75,CA,2021-04-11 22:33:43,broken clouds
446,Toul,48.6667,5.9167,41.0,87,90,9.22,FR,2021-04-11 22:33:44,overcast clouds
447,Padang,-0.9492,100.3543,75.2,100,90,2.3,ID,2021-04-11 22:33:44,overcast clouds
448,Palmerston,-12.486,130.9833,80.01,78,75,8.05,AU,2021-04-11 22:30:11,broken clouds
449,Grindavik,63.8424,-22.4338,37.4,87,75,16.11,IS,2021-04-11 22:29:10,broken clouds
450,Shelburne,44.0787,-80.2041,60.01,75,81,7.92,CA,2021-04-11 22:33:45,broken clouds
451,Avarua,-21.2078,-159.775,82.4,78,46,6.91,CK,2021-04-11 22:33:45,light rain
452,Gasa,31.5,34.4667,55.4,67,40,5.75,PS,2021-04-11 22:33:46,scattered clouds
453,Buala,-8.145,159.5921,82.17,72,100,1.23,SB,2021-04-11 22:33:46,overcast clouds
454,Plouzane,48.3833,-4.6167,41.0,75,75,2.3,FR,2021-04-11 22:33:46,broken clouds
455,Malino,15.1257,120.6727,73.4,78,75,2.3,PH,2021-04-11 22:33:47,broken clouds
456,Olafsvik,64.8945,-23.7142,35.58,75,97,20.49,IS,2021-04-11 22:33:47,overcast clouds
457,Sontra,51.0667,9.9333,37.0,95,100,5.23,DE,2021-04-11 22:33:47,overcast clouds
458,Iroquois Falls,48.7669,-80.6831,68.0,49,90,13.8,CA,2021-04-11 22:33:48,light rain
459,Bealanana,-14.55,48.7333,63.5,99,100,3.31,MG,2021-04-11 22:33:48,overcast clouds
460,Moctezuma,29.8,-109.6667,88.9,11,97,19.17,MX,2021-04-11 22:33:48,overcast clouds
461,Rokytne,51.2796,27.214,42.85,69,71,6.35,UA,2021-04-11 22:33:49,broken clouds
462,Gambela,8.25,34.5833,82.71,49,88,2.06,ET,2021-04-11 22:33:49,overcast clouds
463,Hadejia,12.4498,10.0444,85.69,8,59,9.42,NG,2021-04-11 22:33:50,broken clouds
464,Terrace,54.5163,-128.6035,39.2,52,90,2.3,CA,2021-04-11 22:30:11,overcast clouds
465,Muros,42.7762,-9.0603,48.99,59,1,5.01,ES,2021-04-11 22:33:50,clear sky
466,Puerto Narino,-3.7703,-70.3831,84.2,79,75,3.44,CO,2021-04-11 22:33:50,moderate rain
467,Bubaque,11.2833,-15.8333,77.0,73,6,14.07,GW,2021-04-11 22:33:51,clear sky
468,Zemetchino,53.4973,42.6163,42.12,92,100,10.85,RU,2021-04-11 22:33:51,moderate rain
469,Hillsborough,37.5741,-122.3794,68.0,48,75,20.71,US,2021-04-11 22:33:51,broken clouds
470,Portobelo,9.55,-79.65,86.0,75,70,28.99,PA,2021-04-11 22:33:52,broken clouds
471,Maceio,-9.6658,-35.7353,71.6,100,75,6.91,BR,2021-04-11 22:31:29,light rain
472,Tucson,32.2217,-110.9265,90.0,8,20,4.61,US,2021-04-11 22:32:16,few clouds
473,Idanre,7.1127,5.1159,70.43,88,96,1.63,NG,2021-04-11 22:33:52,overcast clouds
474,Verkhnyachka,48.8285,30.0396,43.88,52,23,5.01,UA,2021-04-11 22:33:53,few clouds
475,Flin Flon,54.7682,-101.865,33.8,64,90,10.36,CA,2021-04-11 22:33:53,overcast clouds
476,Jalu,29.0331,21.5482,60.46,21,2,10.63,LY,2021-04-11 22:33:55,clear sky
477,Zhoucheng,35.9122,116.3117,61.0,1,100,1.66,CN,2021-04-11 22:33:55,overcast clouds
478,Malayal,7.208,121.942,75.2,94,75,4.21,PH,2021-04-11 22:33:55,broken clouds
479,Chimbote,-9.0853,-78.5783,70.2,81,88,7.23,PE,2021-04-11 22:33:55,overcast clouds
480,Lakatoro,-16.0999,167.4164,82.36,70,94,3.33,VU,2021-04-11 22:33:56,overcast clouds
481,Carauari,-4.8828,-66.8958,75.56,95,99,1.99,BR,2021-04-11 22:32:30,overcast clouds
482,Puerto Maldonado,-12.6,-69.1833,74.12,96,94,1.41,PE,2021-04-11 22:33:56,overcast clouds
483,Itacoatiara,-3.1431,-58.4442,75.56,94,99,2.46,BR,2021-04-11 22:33:57,overcast clouds
484,Bemidji,47.4736,-94.8803,48.99,71,90,5.75,US,2021-04-11 22:30:09,overcast clouds
485,Bouna,9.2667,-3.0,83.71,52,93,6.78,CI,2021-04-11 22:33:57,overcast clouds
486,Point Pedro,9.8167,80.2333,81.39,77,82,8.16,LK,2021-04-11 22:33:57,broken clouds
487,Peqin,41.0461,19.7511,46.4,81,40,3.44,AL,2021-04-11 22:33:58,scattered clouds
488,Dobryatino,55.5055,41.3195,35.29,92,63,4.92,RU,2021-04-11 22:33:58,broken clouds
489,Xacmaz,41.4635,48.806,51.08,72,98,1.9,AZ,2021-04-11 22:33:58,overcast clouds
490,Gold Coast,-28.0,153.4333,69.01,45,0,11.5,AU,2021-04-11 22:33:14,clear sky
491,Buchanan,5.8808,-10.0467,77.0,94,88,4.74,LR,2021-04-11 22:33:59,overcast clouds
492,Sigli,5.3848,95.9609,78.57,80,15,3.15,ID,2021-04-11 22:33:59,few clouds
493,Tigil,57.8,158.6667,14.32,83,100,5.82,RU,2021-04-11 22:34:00,overcast clouds
494,Papara,-3.9839,-38.7273,79.0,89,0,3.44,BR,2021-04-11 22:34:00,clear sky
495,Puerto Baquerizo Moreno,-0.9,-89.6,80.6,83,75,3.44,EC,2021-04-11 22:34:00,broken clouds
496,Yarada,17.65,83.2667,79.61,81,1,6.71,IN,2021-04-11 22:34:01,clear sky
497,Cheney,47.4874,-117.5758,48.99,21,40,4.61,US,2021-04-11 22:34:01,scattered clouds
498,Nantong,32.0303,120.8747,61.0,97,100,5.48,CN,2021-04-11 22:33:07,overcast clouds
499,Kipushi,-11.7667,27.2333,58.28,97,63,4.34,CD,2021-04-11 22:34:01,broken clouds
500,Ballina,-28.8667,153.5667,61.0,44,0,9.22,AU,2021-04-11 22:34:02,clear sky
501,Kalemie,-5.9475,29.1947,70.16,86,88,0.89,CD,2021-04-11 22:34:02,light rain
502,Ziro,27.6333,93.8333,46.74,90,26,3.2,IN,2021-04-11 22:34:02,scattered clouds
503,Takaungu,-3.6837,39.8566,78.64,84,93,9.73,KE,2021-04-11 22:34:03,light rain
504,Madang,-5.2246,145.7966,79.0,84,97,3.29,PG,2021-04-11 22:34:03,overcast clouds
505,Brownwood,31.7093,-98.9912,89.6,15,1,10.36,US,2021-04-11 22:32:26,clear sky
506,Shingu,33.7333,135.9833,59.72,62,100,9.93,JP,2021-04-11 22:34:04,overcast clouds
507,Kieta,-6.2167,155.6333,83.84,67,96,1.61,PG,2021-04-11 22:34:04,light rain
508,Oistins,13.0667,-59.5333,78.8,69,75,13.8,BB,2021-04-11 22:33:26,volcanic ash
509,Kotturu,14.8167,76.2167,76.62,59,0,1.79,IN,2021-04-11 22:34:05,clear sky
510,Bandrele,-12.9067,45.1914,78.8,89,0,3.44,YT,2021-04-11 22:34:05,clear sky
511,Elko,41.0002,-115.5012,59.0,15,1,17.27,US,2021-04-11 22:30:12,clear sky
512,Havelock,34.8791,-76.9013,66.99,84,100,8.01,US,2021-04-11 22:34:05,overcast clouds
513,Flinders,-34.5833,150.8552,54.0,47,0,12.66,AU,2021-04-11 22:34:06,clear sky
514,Vikulovo,56.8167,70.6107,33.78,80,63,10.69,RU,2021-04-11 22:34:06,broken clouds
515,Delaware,39.0004,-75.4999,66.99,94,20,9.22,US,2021-04-11 22:33:19,few clouds
516,Nome,64.5011,-165.4064,25.0,86,90,27.63,US,2021-04-11 22:34:07,snow
517,Nizwa,22.9333,57.5333,74.37,50,1,1.34,OM,2021-04-11 22:34:07,clear sky
518,Raha,26.2333,92.5167,74.5,43,9,1.5,IN,2021-04-11 22:34:07,clear sky
519,La Ciotat,43.1748,5.6045,54.0,95,100,1.63,FR,2021-04-11 22:34:08,overcast clouds
520,Khilok,51.3674,110.4676,16.63,57,1,3.85,RU,2021-04-11 22:34:08,clear sky
521,Brandon,27.9378,-82.2859,66.2,100,75,6.91,US,2021-04-11 22:32:43,moderate rain
522,Manono,-7.3,27.4167,68.86,96,100,3.24,CD,2021-04-11 22:34:09,light rain
523,Liezen,47.5667,14.2333,48.99,65,18,5.97,AT,2021-04-11 22:34:09,few clouds
524,Creel,27.75,-107.6333,67.87,14,100,16.51,MX,2021-04-11 22:34:09,overcast clouds
525,Kapit,2.0167,112.9333,72.63,99,100,1.03,MY,2021-04-11 22:34:10,light rain
526,Tefe,-3.3542,-64.7114,78.8,89,40,3.44,BR,2021-04-11 22:34:10,scattered clouds
527,Moose Factory,51.2585,-80.6094,39.2,87,90,12.66,CA,2021-04-11 22:34:10,overcast clouds
528,Noyabrsk,63.1994,75.4507,34.52,83,100,15.99,RU,2021-04-11 22:34:11,overcast clouds
529,Rio Gallegos,-51.6226,-69.2181,55.4,44,0,10.36,AR,2021-04-11 22:29:23,clear sky
530,Price,39.5994,-110.8107,62.6,13,1,11.5,US,2021-04-11 22:34:11,clear sky
531,Dire,12.2833,-10.9667,89.89,19,3,0.83,ML,2021-04-11 22:34:12,clear sky
532,Salalah,17.0151,54.0924,80.6,74,20,2.3,OM,2021-04-11 22:34:12,few clouds
533,Kirkwall,58.9848,-2.9587,30.2,80,10,3.44,GB,2021-04-11 22:34:12,clear sky
534,Qaqortoq,60.7167,-46.0333,48.2,29,0,13.8,GL,2021-04-11 22:34:13,clear sky
535,Sao Joao Da Barra,-21.6403,-41.0511,78.8,69,0,6.91,BR,2021-04-11 22:31:02,clear sky
536,Kavieng,-2.5744,150.7967,78.57,83,100,1.97,PG,2021-04-11 22:34:13,light rain
537,Bambanglipuro,-7.95,110.2833,76.26,91,71,3.09,ID,2021-04-11 22:34:13,broken clouds
538,Floha,50.8561,13.0741,41.0,87,94,1.99,DE,2021-04-11 22:34:14,overcast clouds
539,Rawah,34.4816,41.9093,57.83,33,1,4.34,IQ,2021-04-11 22:34:14,clear sky
540,Aripuana,-9.1667,-60.6333,74.12,96,81,1.01,BR,2021-04-11 22:34:14,heavy intensity rain
541,Saryagash,41.4511,69.1701,46.4,71,0,4.61,KZ,2021-04-11 22:34:15,clear sky
542,Opuwo,-18.0607,13.84,69.51,35,1,9.01,NA,2021-04-11 22:34:15,clear sky
543,Los Llanos De Aridane,28.6585,-17.9182,68.0,73,0,4.45,ES,2021-04-11 22:34:16,clear sky
544,Pemberton,50.3164,-122.8027,46.4,34,20,4.61,CA,2021-04-11 22:30:01,few clouds
545,Aginskoye,51.1,114.53,19.54,45,75,10.96,RU,2021-04-11 22:34:16,broken clouds
546,Wanaka,-44.7,169.15,58.06,76,77,7.9,NZ,2021-04-11 22:34:16,broken clouds
547,Massakory,12.996,15.7293,85.42,7,49,11.9,TD,2021-04-11 22:32:21,scattered clouds
548,San Cristobal,7.7669,-72.225,87.8,58,40,9.22,VE,2021-04-11 22:34:17,scattered clouds
549,Jacareacanga,-6.2222,-57.7528,75.56,94,79,1.77,BR,2021-04-11 22:34:17,light rain
550,Soyo,-6.1349,12.3689,79.02,81,77,3.51,AO,2021-04-11 22:34:18,broken clouds
551,Tingo Maria,-9.2895,-76.0088,71.98,95,67,1.01,PE,2021-04-11 22:34:18,broken clouds
552,Wilmington,34.2257,-77.9447,73.4,64,1,12.66,US,2021-04-11 22:32:26,clear sky
553,Laurel,39.0993,-76.8483,77.0,49,40,9.22,US,2021-04-11 22:34:14,scattered clouds
554,Puerto Morazan,12.8504,-87.1717,89.6,58,20,4.61,NI,2021-04-11 22:34:19,few clouds
555,Kushmurun,52.4503,64.6311,27.66,92,36,1.99,KZ,2021-04-11 22:34:19,scattered clouds
556,Keffi,8.8486,7.8736,77.0,73,40,10.36,NG,2021-04-11 22:34:19,scattered clouds
557,Moindou,-21.6924,165.677,77.0,94,75,8.05,NC,2021-04-11 22:34:20,broken clouds
558,Nouadhibou,20.931,-17.0347,68.0,68,0,17.27,MR,2021-04-11 22:34:20,clear sky
559,Mumford,5.2618,-0.759,81.23,85,94,7.31,GH,2021-04-11 22:34:20,overcast clouds
560,Aykhal,66.0,111.5,3.52,99,84,6.15,RU,2021-04-11 22:33:15,broken clouds
561,Harrison,30.4091,-89.0436,75.0,49,1,8.05,US,2021-04-11 22:34:21,clear sky
562,Tabou,4.423,-7.3528,80.37,84,52,6.67,CI,2021-04-11 22:34:21,broken clouds
563,Pilar,-9.5972,-35.9567,71.6,100,75,6.91,BR,2021-04-11 22:34:22,broken clouds
564,Mezen,65.8522,44.24,34.11,92,100,16.26,RU,2021-04-11 22:34:22,overcast clouds
565,Bobon,12.5246,124.5636,79.47,85,97,8.7,PH,2021-04-11 22:34:22,overcast clouds
566,Aksay,47.26,39.87,48.2,93,40,6.71,RU,2021-04-11 22:34:23,scattered clouds
